2026-01-01,271.48
null,268.15894
2026-01-01,271.74268
2026-01-02,276.79376
2026-01-03,277.98663
2026-01-04,272.33545
2026-01-05,270.74918
2026-01-06,273.46664
2026-01-07,269.39316
2026-01-08,278.1945
2026-01-09,269.42685
2026-01-10,274.29688
2026-01-11,274.50296
2026-01-12,276.52823
2026-01-13,270.90433
2026-01-14,270.20752
2026-01-15,268.31116
2026-01-16,272.01996
2026-01-17,266.70865
2026-01-18,268.67938
2026-01-19,273.91855
2026-01-20,272.39566
2026-01-21,268.8143
2026-01-22,268.9394
2026-01-23,270.31024
2026-01-24,271.79575
2026-01-25,275.27814
2026-01-26,278.42932
2026-01-27,269.73102
2026-01-28,271.7067
2026-01-29,268.73578
2026-01-30,271.38846
2026-01-31,277.72372
2026-02-01,271.1595
2026-02-02,271.22214
2026-02-03,274.946
2026-02-04,267.10883
2026-02-05,272.96616
2026-02-06,274.6672
2026-02-07,272.27432
2026-02-08,269.67242
2026-02-09,272.97925
2026-02-10,272.17828
2026-02-11,269.38165
2026-02-12,272.5317
2026-02-13,271.4198
2026-02-14,270.6838
2026-02-15,270.42816
2026-02-16,267.27716
2026-02-17,270.86072
2026-02-18,273.57867
2026-02-19,272.6434
2026-02-20,277.3037
2026-02-21,273.12253
2026-02-22,272.33722
2026-02-23,269.03873
2026-02-24,271.07016
2026-02-25,273.28525
2026-02-26,265.69724
2026-02-27,272.95392
2026-02-28,265.42126
2026-03-01,271.62582
2026-03-02,269.78857
2026-03-03,274.1168
2026-03-04,265.2355
2026-03-05,271.17175
2026-03-06,271.5596
2026-03-07,275.66803
2026-03-08,278.7411
2026-03-09,272.38916
2026-03-10,273.27975
2026-03-11,287.94754
2026-03-12,270.31522
2026-03-13,268.79688
2026-03-14,275.49136
2026-03-15,265.9101
2026-03-16,273.03146
2026-03-17,273.81445
2026-03-18,273.14294
2026-03-19,269.3853
2026-03-20,269.6465
2026-03-21,272.43057
2026-03-22,277.41617
2026-03-23,275.33176
2026-03-24,266.73123
2026-03-25,274.45352
2026-03-26,271.46356
2026-03-27,268.01312
2026-03-28,269.70245
2026-03-29,268.9831
2026-03-30,263.85745
2026-03-31,268.20142
2026-04-01,272.55997
2026-04-02,271.90097
2026-04-03,268.72394
2026-04-04,271.75916
2026-04-05,270.44315
2026-04-06,271.73132
2026-04-07,269.59747
2026-04-08,304.05164
2026-04-09,270.06622
2026-04-10,274.31354
2026-04-11,276.70502
2026-04-12,230.23094
2026-04-13,270.29486
2026-04-14,270.95126
2026-04-15,272.51718
2026-04-16,274.81256
2026-04-17,275.86047
2026-04-18,270.88443
2026-04-19,269.90475
2026-04-20,271.02078
2026-04-21,272.29816
2026-04-22,269.68152
2026-04-23,269.10342
2026-04-24,276.10022
2026-04-25,268.3523
2026-04-26,272.12476
2026-04-27,272.95926
2026-04-28,273.7811
2026-04-29,266.29245
2026-04-30,270.8667
2026-05-01,271.95316
2026-05-02,269.0457
2026-05-03,269.05557
2026-05-04,272.17755
2026-05-05,276.67966
2026-05-06,280.02472
2026-05-07,267.1886
2026-05-08,275.2311
2026-05-09,272.6508
2026-05-10,275.29062
2026-05-11,274.75226
2026-05-12,277.95407
2026-05-13,271.70197
2026-05-14,269.88452
2026-05-15,273.63184
2026-05-16,275.90964
2026-05-17,276.5383
2026-05-18,271.40076
2026-05-19,276.70963
2026-05-20,264.5746
2026-05-21,271.80533
2026-05-22,271.5632
2026-05-23,276.7199
2026-05-24,271.17505
2026-05-25,274.11755
2026-05-26,283.61487
2026-05-27,272.16595
2026-05-28,274.6786
2026-05-29,269.94067
2026-05-30,275.07977
2026-05-31,275.2906
2026-06-01,269.61032
2026-06-02,274.36557
2026-06-03,276.00327
2026-06-04,266.13223
2026-06-05,275.79034
2026-06-06,268.7235
2026-06-07,267.13315
2026-06-08,271.6464
2026-06-09,273.03125
2026-06-10,273.1776
2026-06-11,268.98123
2026-06-12,278.52512
2026-06-13,268.47665
2026-06-14,270.6889
2026-06-15,270.88312
2026-06-16,274.5113
2026-06-17,270.66183
2026-06-18,267.7971
2026-06-19,268.3843
2026-06-20,279.2049
2026-06-21,272.3646
2026-06-22,271.69467
2026-06-23,277.1535
2026-06-24,274.39417
2026-06-25,275.67178
2026-06-26,267.116
2026-06-27,274.53738
2026-06-28,279.46396
2026-06-29,268.24432
2026-06-30,271.6087
2026-07-01,275.44724
2026-07-02,268.04742
2026-07-03,269.23337
2026-07-04,275.514
2026-07-05,270.61563
2026-07-06,251.80017
2026-07-07,275.22043
2026-07-08,271.89114
2026-07-09,272.33368
2026-07-10,270.74615
2026-07-11,275.45065
2026-07-12,271.1251
2026-07-13,270.5885
2026-07-14,268.402
2026-07-15,267.61945
2026-07-16,268.39218
2026-07-17,269.7871
2026-07-18,270.3821
2026-07-19,276.3255
2026-07-20,274.4197
2026-07-21,274.3177
2026-07-22,274.58145
2026-07-23,272.99557
2026-07-24,269.25977
2026-07-25,270.88718
2026-07-26,271.1065
2026-07-27,271.72354
2026-07-28,273.53998
2026-07-29,276.5443
2026-07-30,273.3319
2026-07-31,274.70187
2026-08-01,274.09808
2026-08-02,267.72604
2026-08-03,270.527
2026-08-04,269.20215
2026-08-05,276.1641
2026-08-06,272.0496
2026-08-07,272.96255
2026-08-08,269.7398
2026-08-09,265.9519
2026-08-10,269.86673
2026-08-11,271.00107
2026-08-12,271.11823
2026-08-13,273.66394
2026-08-14,273.1067
2026-08-15,270.82782
2026-08-16,274.25134
2026-08-17,274.32822
2026-08-18,273.49432
2026-08-19,272.5391
2026-08-20,271.86124
2026-08-21,270.45178
2026-08-22,265.06018
2026-08-23,266.44302
2026-08-24,275.15414
2026-08-25,270.53958
2026-08-26,268.1468
2026-08-27,268.51608
2026-08-28,269.8698
2026-08-29,270.28238
2026-08-30,269.1434
2026-08-31,274.4546
2026-09-01,269.2458
2026-09-02,275.36765
2026-09-03,269.15283
2026-09-04,270.43506
2026-09-05,271.04047
2026-09-06,273.54535
2026-09-07,263.70444
2026-09-08,271.8966
2026-09-09,271.86505
2026-09-10,272.7812
2026-09-11,269.6509
2026-09-12,206.61519
2026-09-13,276.13718
2026-09-14,278.33456
2026-09-15,276.44385
2026-09-16,266.408
2026-09-17,268.2343
2026-09-18,276.00598
2026-09-19,266.55203
2026-09-20,264.79376
2026-09-21,268.78632
2026-09-22,270.96515
2026-09-23,277.10007
2026-09-24,266.90277
2026-09-25,276.9056
2026-09-26,269.53192
2026-09-27,278.89758
2026-09-28,267.36145
2026-09-29,271.33765
2026-09-30,275.2395
2026-10-01,270.78873
2026-10-02,265.2326
2026-10-03,272.1874
2026-10-04,274.05502
2026-10-05,272.56815
2026-10-06,270.34613
2026-10-07,273.47504
2026-10-08,277.72086
2026-10-09,271.4774
2026-10-10,268.64603
2026-10-11,272.0542
2026-10-12,265.48383
2026-10-13,269.75833
2026-10-14,274.1936
2026-10-15,276.02557
2026-10-16,267.95398
2026-10-17,269.35867
2026-10-18,275.2664
2026-10-19,272.55756
2026-10-20,270.47577
2026-10-21,275.21725
2026-10-22,275.45465
2026-10-23,268.98706
2026-10-24,269.1091
2026-10-25,273.21924
2026-10-26,269.15225
2026-10-27,272.6135
2026-10-28,269.254
2026-10-29,269.79214
2026-10-30,277.42337
2026-10-31,273.52176
2026-11-01,266.81958
2026-11-02,271.79456
2026-11-03,275.82175
2026-11-04,266.28793
2026-11-05,266.7973
2026-11-06,266.16574
2026-11-07,276.5371
2026-11-08,266.0217
2026-11-09,268.90543
2026-11-10,268.71835
2026-11-11,269.4123
2026-11-12,260.9953
2026-11-13,277.50275
2026-11-14,272.38135
2026-11-15,266.82617
2026-11-16,271.32162
2026-11-17,272.96426
2026-11-18,271.04578
2026-11-19,274.9674
2026-11-20,266.50613
2026-11-21,270.0161
2026-11-22,271.5679
2026-11-23,268.05087
2026-11-24,276.35898
2026-11-25,266.07776
2026-11-26,265.26715
2026-11-27,267.4846
2026-11-28,276.2422
2026-11-29,271.1088
2026-11-30,274.0317
2026-12-01,269.997
2026-12-02,276.09363
2026-12-03,277.4091
2026-12-04,273.6087
2026-12-05,277.13208
2026-12-06,276.84555
2026-12-07,269.2422
2026-12-08,269.12973
2026-12-09,270.47632
2026-12-10,278.03235
2026-12-11,272.66217
2026-12-12,269.34503
2026-12-13,275.46072
2026-12-14,271.00626
2026-12-15,269.94824
2026-12-16,268.48615
2026-12-17,267.85822
2026-12-18,271.89893
2026-12-19,267.05618
2026-12-20,272.50262
2026-12-21,279.63882
2026-12-22,269.8472
2026-12-23,268.99997
2026-12-24,267.93512
2026-12-25,273.6013
2026-12-26,267.15625
2026-12-27,272.78174
2026-12-28,270.09778
2026-12-29,274.60178
2026-12-30,271.82703
2026-12-31,268.89056
2027-01-01,270.15472
2027-01-02,268.6109
2027-01-03,271.298
2027-01-04,273.35864
2027-01-05,278.41257
2027-01-06,274.86108
2027-01-07,267.8054
2027-01-08,271.80115
2027-01-09,268.1325
2027-01-10,270.53723
2027-01-11,272.14835
2027-01-12,273.6581
2027-01-13,271.5243
2027-01-14,275.79163
2027-01-15,271.395
2027-01-16,273.49063
2027-01-17,271.52158
2027-01-18,271.14975
2027-01-19,271.6848
2027-01-20,275.64487
2027-01-21,272.92703
2027-01-22,272.8759
2027-01-23,264.40375
2027-01-24,275.44217
2027-01-25,270.4191
2027-01-26,270.16983
2027-01-27,268.65485
2027-01-28,269.77805
2027-01-29,271.10428
2027-01-30,273.31342
2027-01-31,265.73132
2027-02-01,269.81287
2027-02-02,268.31317
2027-02-03,270.7124
2027-02-04,270.7109
2027-02-05,268.31097
2027-02-06,270.86136
2027-02-07,275.80182
null,272.3273
2026-01-01,271.312
2026-01-02,274.6552
2026-01-03,270.57968
2026-01-04,271.26743
2026-01-05,277.204
2026-01-06,268.78665
2026-01-07,268.8909
2026-01-08,262.5032
2026-01-09,270.65775
2026-01-10,267.43765
2026-01-11,277.1007
2026-01-12,270.51334
2026-01-13,269.70325
2026-01-14,272.76956
2026-01-15,263.1337
2026-01-16,273.79007
2026-01-17,264.98267
2026-01-18,274.2628
2026-01-19,271.62982
2026-01-20,271.57312
2026-01-21,268.27103
2026-01-22,268.0663
2026-01-23,270.57346
2026-01-24,272.76846
2026-01-25,272.0405
2026-01-26,277.6834
2026-01-27,266.9939
2026-01-28,276.16083
2026-01-29,269.0634
2026-01-30,270.5261
2026-01-31,274.33954
2026-02-01,279.427
2026-02-02,267.72217
2026-02-03,275.55484
2026-02-04,272.80884
2026-02-05,266.5004
2026-02-06,270.54456
2026-02-07,274.1119
2026-02-08,272.71442
2026-02-09,271.52203
2026-02-10,266.9649
2026-02-11,273.5181
2026-02-12,277.52356
2026-02-13,262.5589
2026-02-14,269.04706
2026-02-15,273.20184
2026-02-16,272.4067
2026-02-17,269.81033
2026-02-18,270.39008
2026-02-19,274.20447
2026-02-20,275.84152
2026-02-21,274.3575
2026-02-22,273.79688
2026-02-23,270.8784
2026-02-24,266.2371
2026-02-25,273.15878
2026-02-26,315.36652
2026-02-27,269.26733
2026-02-28,272.12198
2026-03-01,271.34265
2026-03-02,267.58917
2026-03-03,268.207
2026-03-04,275.06436
null,275.0529
2026-01-01,262.6576
2026-01-02,263.39487
2026-01-03,267.6531
2026-01-04,270.93042
2026-01-05,266.7529
2026-01-06,269.43033
2026-01-07,268.5807
2026-01-08,264.91516
2026-01-09,274.184
2026-01-10,274.49774
2026-01-11,267.94736
2026-01-12,270.88593
2026-01-13,266.75107
2026-01-14,273.58813
2026-01-15,269.72433
2026-01-16,271.26657
2026-01-17,274.716
2026-01-18,270.7254
2026-01-19,273.80005
2026-01-20,268.45047
2026-01-21,277.0301
2026-01-22,263.67035
2026-01-23,269.36942
2026-01-24,269.86774
2026-01-25,269.5169
2026-01-26,273.47177
2026-01-27,274.4447
2026-01-28,266.53616
2026-01-29,265.78354
2026-01-30,268.78485
2026-01-31,269.40833
2026-02-01,269.75897
2026-02-02,272.24503
2026-02-03,273.55322
2026-02-04,270.21124
2026-02-05,267.6248
2026-02-06,272.7105
2026-02-07,276.69403
2026-02-08,276.93317
2026-02-09,275.05792
2026-02-10,272.84683
2026-02-11,278.7502
2026-02-12,275.90915
2026-02-13,262.7854
2026-02-14,271.6493
2026-02-15,265.90027
2026-02-16,274.47992
2026-02-17,276.60117
2026-02-18,277.33884
2026-02-19,273.1754
2026-02-20,277.27994
2026-02-21,274.63657
2026-02-22,270.0218
2026-02-23,272.66263
2026-02-24,267.66193
2026-02-25,268.96875
2026-02-26,270.04697
2026-02-27,268.62186
2026-02-28,272.92624
2026-03-01,274.11826
2026-03-02,274.99847
2026-03-03,271.21973
2026-03-04,268.3935
2026-03-05,268.51074
2026-03-06,270.52216
2026-03-07,278.54462
2026-03-08,271.64987
2026-03-09,271.7394
2026-03-10,275.62918
2026-03-11,267.976
2026-03-12,272.94843
2026-03-13,272.95694
2026-03-14,270.7455
2026-03-15,270.15118
2026-03-16,271.33432
2026-03-17,270.16962
2026-03-18,271.7567
2026-03-19,268.57248
2026-03-20,269.4501
2026-03-21,269.21997
2026-03-22,267.85266
2026-03-23,267.1509
2026-03-24,275.2893
2026-03-25,266.61423
2026-03-26,265.77747
2026-03-27,269.66446
2026-03-28,265.82562
2026-03-29,271.30893
2026-03-30,275.40613
2026-03-31,273.4054
2026-04-01,274.38495
2026-04-02,267.23538
2026-04-03,272.93716
2026-04-04,266.91376
2026-04-05,268.3053
2026-04-06,268.52792
2026-04-07,267.06146
2026-04-08,272.64185
2026-04-09,275.22385
2026-04-10,273.22107
2026-04-11,271.236
2026-04-12,270.83688
2026-04-13,269.21524
2026-04-14,272.88223
2026-04-15,275.5194
2026-04-16,265.91965
2026-04-17,269.8358
2026-04-18,269.46268
2026-04-19,272.76147
2026-04-20,276.30676
2026-04-21,268.75317
2026-04-22,272.81528
2026-04-23,268.61795
2026-04-24,269.3127
2026-04-25,268.0222
2026-04-26,270.95328
2026-04-27,269.21884
2026-04-28,261.56537
2026-04-29,275.06934
2026-04-30,271.18875
2026-05-01,269.81516
2026-05-02,270.04236
2026-05-03,266.85263
2026-05-04,268.25848
2026-05-05,277.58997
2026-05-06,269.29706
2026-05-07,275.81253
2026-05-08,266.67767
2026-05-09,306.20682
2026-05-10,270.348
2026-05-11,269.89453
2026-05-12,271.33398
2026-05-13,275.57364
2026-05-14,276.0355
2026-05-15,278.55014
2026-05-16,273.4279
2026-05-17,279.91306
2026-05-18,281.4358
2026-05-19,273.75034
2026-05-20,266.83875
2026-05-21,276.1091
2026-05-22,276.46646
2026-05-23,268.5003
2026-05-24,273.32858
2026-05-25,273.542
2026-05-26,274.89725
2026-05-27,272.15726
2026-05-28,267.67776
2026-05-29,274.18185
2026-05-30,265.44214
2026-05-31,265.09122
2026-06-01,272.3735
2026-06-02,269.75525
2026-06-03,270.6477
2026-06-04,273.4136
2026-06-05,263.87842
2026-06-06,275.72012
2026-06-07,265.12717
2026-06-08,275.84875
2026-06-09,273.08517
2026-06-10,274.7787
2026-06-11,276.00198
2026-06-12,272.95883
2026-06-13,277.69788
2026-06-14,272.01065
2026-06-15,269.19125
2026-06-16,274.93982
2026-06-17,270.46524
2026-06-18,270.68384
2026-06-19,270.19333
2026-06-20,267.1741
2026-06-21,265.82065
2026-06-22,279.66284
2026-06-23,272.80576
2026-06-24,271.86188
2026-06-25,275.06476
2026-06-26,269.37213
2026-06-27,266.76813
2026-06-28,262.84903
2026-06-29,269.22128
2026-06-30,274.28244
2026-07-01,271.4095
2026-07-02,267.27164
2026-07-03,269.59842
2026-07-04,275.69507
2026-07-05,271.33917
2026-07-06,272.66614
2026-07-07,269.1221
2026-07-08,270.1414
2026-07-09,270.7655
2026-07-10,265.36624
2026-07-11,268.94543
2026-07-12,271.10513
2026-07-13,272.7007
2026-07-14,267.1752
2026-07-15,273.0624
2026-07-16,272.12265
2026-07-17,263.79327
2026-07-18,267.28873
2026-07-19,271.9229
2026-07-20,270.05515
2026-07-21,264.45877
2026-07-22,264.7712
2026-07-23,272.82623
2026-07-24,272.72946
2026-07-25,268.18738
2026-07-26,274.10626
2026-07-27,272.2471
2026-07-28,276.69916
2026-07-29,277.30496
2026-07-30,268.3228
2026-07-31,268.95343
2026-08-01,273.1849
2026-08-02,271.5106
2026-08-03,272.55933
2026-08-04,273.53967
2026-08-05,273.61176
2026-08-06,267.44446
null,272.70132
2026-01-01,272.20056
2026-01-02,269.14218
2026-01-03,274.3735
2026-01-04,274.50433
2026-01-05,265.90952
2026-01-06,269.47058
2026-01-07,270.92676
2026-01-08,269.39435
2026-01-09,276.72675
2026-01-10,257.6233
2026-01-11,268.99915
2026-01-12,274.606
2026-01-13,276.8729
2026-01-14,269.08444
2026-01-15,275.1882
2026-01-16,267.96628
2026-01-17,291.77722
2026-01-18,263.60385
2026-01-19,271.22482
2026-01-20,275.3981
2026-01-21,272.7891
2026-01-22,270.2648
2026-01-23,277.01575
2026-01-24,272.22876
2026-01-25,268.6764
2026-01-26,276.07104
2026-01-27,269.11142
2026-01-28,268.0713
2026-01-29,272.33276
2026-01-30,271.3112
2026-01-31,276.94153
2026-02-01,270.40027
2026-02-02,274.84274
2026-02-03,273.97107
2026-02-04,269.8865
2026-02-05,267.48157
2026-02-06,269.81085
2026-02-07,270.49072
2026-02-08,267.97775
2026-02-09,269.6759
2026-02-10,265.68884
2026-02-11,269.80203
2026-02-12,278.46057
2026-02-13,269.18494
2026-02-14,264.3075
2026-02-15,271.89526
2026-02-16,268.06494
2026-02-17,271.9422
2026-02-18,264.2634
2026-02-19,282.99173
2026-02-20,269.97885
2026-02-21,272.30713
2026-02-22,271.0398
2026-02-23,268.959
2026-02-24,271.95645
2026-02-25,269.6683
2026-02-26,269.67276
2026-02-27,271.38785
2026-02-28,271.86905
2026-03-01,274.62604
2026-03-02,275.68768
2026-03-03,274.3964
2026-03-04,267.81778
2026-03-05,271.34235
2026-03-06,273.85974
2026-03-07,277.23172
2026-03-08,274.14453
2026-03-09,304.22037
2026-03-10,269.86588
2026-03-11,271.5871
2026-03-12,268.89264
2026-03-13,273.39627
2026-03-14,266.25085
2026-03-15,274.8709
null,267.9943
2026-01-01,277.5386
2026-01-02,274.42487
2026-01-03,269.49078
2026-01-04,272.62796
2026-01-05,273.21298
2026-01-06,270.27295
2026-01-07,268.00128
2026-01-08,272.0856
2026-01-09,268.9788
2026-01-10,272.31952
2026-01-11,267.16266
2026-01-12,272.79547
2026-01-13,268.84793
2026-01-14,270.46976
2026-01-15,266.50494
2026-01-16,268.63083
2026-01-17,269.1954
2026-01-18,268.13098
2026-01-19,276.20776
2026-01-20,269.30722
2026-01-21,273.47687
2026-01-22,275.25668
2026-01-23,271.4304
2026-01-24,272.16376
2026-01-25,271.64554
2026-01-26,268.55368
2026-01-27,266.49164
2026-01-28,279.17447
2026-01-29,273.70883
2026-01-30,265.5307
2026-01-31,272.01923
2026-02-01,271.68512
2026-02-02,277.29147
2026-02-03,273.7494
2026-02-04,268.7473
2026-02-05,277.16132
2026-02-06,265.86453
2026-02-07,272.1053
2026-02-08,272.52524
2026-02-09,273.10883
2026-02-10,274.1333
2026-02-11,269.01987
2026-02-12,276.21802
2026-02-13,270.65472
2026-02-14,272.90125
2026-02-15,272.36905
2026-02-16,276.57773
2026-02-17,273.404
2026-02-18,270.7455
2026-02-19,270.26465
2026-02-20,277.76483
2026-02-21,272.28476
2026-02-22,270.20587
2026-02-23,274.18967
2026-02-24,268.72104
2026-02-25,273.1151
2026-02-26,269.40897
2026-02-27,274.66016
2026-02-28,271.71805
2026-03-01,271.91818
2026-03-02,275.0446
null,268.3237
2026-01-01,273.2939
2026-01-02,267.81265
2026-01-03,268.25513
2026-01-04,269.65784
2026-01-05,269.32248
2026-01-06,274.265
2026-01-07,270.84607
2026-01-08,280.91638
2026-01-09,267.90656
2026-01-10,276.46628
2026-01-11,269.27307
2026-01-12,276.84653
2026-01-13,272.17535
2026-01-14,278.023
2026-01-15,277.13406
2026-01-16,272.77402
2026-01-17,271.59686
2026-01-18,271.00357
2026-01-19,269.75677
2026-01-20,277.24246
2026-01-21,265.11163
2026-01-22,271.0869
2026-01-23,273.1272
2026-01-24,268.80603
2026-01-25,272.33688
2026-01-26,277.46484
2026-01-27,280.394
2026-01-28,273.05377
2026-01-29,273.5689
2026-01-30,268.49612
2026-01-31,279.2747
2026-02-01,266.14352
2026-02-02,274.5637
2026-02-03,268.4626
2026-02-04,274.38745
2026-02-05,265.43668
2026-02-06,269.8319
2026-02-07,271.32327
2026-02-08,274.62418
2026-02-09,279.4031
2026-02-10,272.86588
2026-02-11,274.2094
2026-02-12,272.7921
2026-02-13,276.48743
2026-02-14,271.65237
2026-02-15,268.15826
2026-02-16,272.31592
2026-02-17,273.50742
2026-02-18,271.5656
2026-02-19,268.688
2026-02-20,272.3231
2026-02-21,275.15012
2026-02-22,272.5361
2026-02-23,268.8579
2026-02-24,267.8625
2026-02-25,269.73035
2026-02-26,269.18152
2026-02-27,270.14633
2026-02-28,272.30936
2026-03-01,272.5342
2026-03-02,271.0584
2026-03-03,272.85797
2026-03-04,269.85522
2026-03-05,275.83197
2026-03-06,275.4852
2026-03-07,271.81424
2026-03-08,263.88574
2026-03-09,273.96442
2026-03-10,272.096
2026-03-11,270.96494
2026-03-12,272.04193
2026-03-13,277.73804
2026-03-14,272.4391
2026-03-15,268.95468
2026-03-16,272.33914
2026-03-17,277.63336
2026-03-18,270.55414
2026-03-19,297.29395
2026-03-20,275.99915
2026-03-21,268.8433
2026-03-22,269.49
2026-03-23,272.33664
2026-03-24,276.34033
2026-03-25,273.46
2026-03-26,267.2227
2026-03-27,274.6432
2026-03-28,280.30875
2026-03-29,270.2312
2026-03-30,274.70358
2026-03-31,274.3717
2026-04-01,273.26868
2026-04-02,271.26657
2026-04-03,272.13684
2026-04-04,263.95972
2026-04-05,270.91388
2026-04-06,271.74734
2026-04-07,276.95728
2026-04-08,270.64224
2026-04-09,275.57516
2026-04-10,269.9052
2026-04-11,269.84183
2026-04-12,275.6005
2026-04-13,270.16733
2026-04-14,274.04227
2026-04-15,272.46518
2026-04-16,275.80252
2026-04-17,268.637
2026-04-18,265.94528
2026-04-19,276.42426
2026-04-20,273.53433
2026-04-21,274.17975
2026-04-22,274.57364
2026-04-23,272.90454
2026-04-24,263.19403
2026-04-25,274.63083
2026-04-26,277.30182
2026-04-27,264.49777
2026-04-28,269.1125
2026-04-29,268.9803
2026-04-30,277.86337
2026-05-01,266.99823
2026-05-02,249.53496
2026-05-03,276.70786
2026-05-04,271.88226
2026-05-05,263.56268
2026-05-06,273.22406
2026-05-07,275.08817
2026-05-08,264.75168
2026-05-09,269.91666
2026-05-10,270.19766
2026-05-11,270.5089
2026-05-12,270.21524
2026-05-13,269.47864
2026-05-14,273.4143
2026-05-15,273.44968
2026-05-16,269.66068
2026-05-17,278.7071
2026-05-18,271.64355
2026-05-19,273.27444
2026-05-20,274.22055
2026-05-21,268.25485
2026-05-22,270.59326
2026-05-23,276.4143
2026-05-24,271.5871
2026-05-25,264.18805
2026-05-26,275.1704
2026-05-27,266.6022
2026-05-28,273.78198
2026-05-29,268.8044
2026-05-30,270.46912
2026-05-31,272.8124
2026-06-01,270.4679
2026-06-02,274.14627
2026-06-03,275.63382
2026-06-04,272.36813
2026-06-05,272.1973
2026-06-06,269.22235
2026-06-07,268.24658
2026-06-08,272.1651
2026-06-09,272.39603
2026-06-10,268.85785
2026-06-11,274.6864
2026-06-12,272.95892
2026-06-13,269.85992
2026-06-14,272.8405
2026-06-15,269.22717
2026-06-16,279.85074
2026-06-17,280.032
2026-06-18,270.4766
2026-06-19,263.59448
2026-06-20,271.56506
2026-06-21,269.11725
2026-06-22,266.94714
2026-06-23,266.2777
2026-06-24,324.52478
2026-06-25,266.35446
2026-06-26,266.9817
2026-06-27,267.58978
2026-06-28,272.46048
2026-06-29,271.34036
2026-06-30,268.75882
2026-07-01,272.64508
2026-07-02,271.53824
2026-07-03,273.99957
2026-07-04,272.55386
2026-07-05,273.69202
2026-07-06,276.08173
2026-07-07,263.35956
2026-07-08,270.54453
2026-07-09,317.17224
2026-07-10,276.33835
2026-07-11,267.70248
2026-07-12,270.37476
2026-07-13,267.3127
2026-07-14,277.24866
2026-07-15,276.5884
2026-07-16,275.40338
2026-07-17,265.6718
2026-07-18,270.59464
2026-07-19,268.7987
2026-07-20,240.82112
2026-07-21,270.41257
2026-07-22,278.72424
2026-07-23,271.6908
2026-07-24,271.33286
2026-07-25,269.58072
2026-07-26,271.01935
2026-07-27,267.72302
2026-07-28,278.42526
2026-07-29,270.20404
2026-07-30,265.26746
2026-07-31,274.3202
2026-08-01,269.56113
2026-08-02,266.976
2026-08-03,269.64737
2026-08-04,271.73007
2026-08-05,271.45615
2026-08-06,271.15424
2026-08-07,276.49188
2026-08-08,272.40463
2026-08-09,268.504
2026-08-10,274.73965
2026-08-11,269.04086
2026-08-12,268.42764
2026-08-13,270.60852
2026-08-14,274.71194
2026-08-15,275.90158
2026-08-16,270.9072
2026-08-17,271.6532
2026-08-18,272.848
2026-08-19,267.44702
2026-08-20,271.38016
2026-08-21,264.3761
2026-08-22,270.64374
2026-08-23,270.6608
2026-08-24,271.62936
2026-08-25,275.7507
2026-08-26,277.72302
2026-08-27,268.0118
2026-08-28,277.80618
2026-08-29,273.11237
2026-08-30,268.6406
2026-08-31,274.8364
2026-09-01,267.61642
2026-09-02,268.5377
2026-09-03,270.86603
2026-09-04,268.73883
2026-09-05,267.09863
2026-09-06,272.08618
2026-09-07,273.57877
2026-09-08,269.7733
2026-09-09,260.1645
2026-09-10,269.19287
2026-09-11,270.20447
2026-09-12,268.46893
2026-09-13,270.1741
2026-09-14,272.00894
2026-09-15,274.82483
2026-09-16,270.3765
2026-09-17,271.46173
2026-09-18,269.14236
2026-09-19,271.09244
2026-09-20,276.6443
2026-09-21,268.49686
2026-09-22,272.03183
2026-09-23,270.0283
2026-09-24,268.47998
2026-09-25,266.44855
2026-09-26,273.7169
2026-09-27,275.1606
2026-09-28,274.7879
2026-09-29,271.66376
2026-09-30,268.67365
2026-10-01,271.4966
2026-10-02,272.93484
2026-10-03,269.35593
2026-10-04,270.5077
2026-10-05,267.93353
2026-10-06,271.80435
2026-10-07,272.49048
2026-10-08,268.33682
2026-10-09,273.89993
2026-10-10,267.22723
2026-10-11,272.12036
2026-10-12,270.8781
2026-10-13,348.50784
2026-10-14,265.71896
2026-10-15,268.3322
2026-10-16,272.54776
2026-10-17,266.5846
2026-10-18,265.80566
2026-10-19,276.17612
2026-10-20,264.32422
2026-10-21,273.5713
2026-10-22,274.69446
2026-10-23,277.40454
2026-10-24,264.4762
2026-10-25,267.5583
2026-10-26,271.1602
2026-10-27,268.69485
2026-10-28,271.9002
2026-10-29,271.29868
2026-10-30,274.22018
2026-10-31,267.9441
2026-11-01,272.56903
2026-11-02,267.6323
2026-11-03,274.3403
2026-11-04,271.02118
2026-11-05,272.1797
2026-11-06,272.8425
2026-11-07,274.9527
2026-11-08,269.0565
2026-11-09,270.17786
2026-11-10,275.8479
2026-11-11,268.91803
2026-11-12,276.7576
2026-11-13,271.51892
2026-11-14,273.39175
2026-11-15,269.05487
2026-11-16,271.0672
2026-11-17,274.92474
2026-11-18,270.63876
null,272.74802
2026-01-01,272.32907
2026-01-02,268.85495
2026-01-03,274.3674
2026-01-04,275.16507
2026-01-05,266.61887
2026-01-06,274.23544
2026-01-07,267.49426
2026-01-08,271.94183
2026-01-09,271.9385
2026-01-10,272.64792
2026-01-11,274.84097
2026-01-12,273.63547
2026-01-13,273.82968
2026-01-14,275.64026
2026-01-15,268.92963
2026-01-16,273.50378
2026-01-17,345.63898
2026-01-18,271.6437
2026-01-19,274.89792
2026-01-20,265.4992
2026-01-21,269.41467
2026-01-22,267.85815
2026-01-23,269.48404
2026-01-24,268.97058
2026-01-25,263.07202
2026-01-26,274.05792
2026-01-27,264.76108
2026-01-28,267.75558
2026-01-29,267.81836
2026-01-30,279.22876
2026-01-31,272.1183
2026-02-01,270.49518
2026-02-02,267.9469
2026-02-03,273.08228
2026-02-04,278.29376
2026-02-05,270.34378
2026-02-06,275.44684
2026-02-07,270.4809
2026-02-08,271.72952
2026-02-09,270.7607
2026-02-10,266.28867
2026-02-11,271.7155
2026-02-12,269.32407
2026-02-13,271.10367
2026-02-14,267.12708
2026-02-15,267.15018
2026-02-16,273.57007
2026-02-17,271.6139
2026-02-18,273.3095
2026-02-19,272.38556
2026-02-20,275.5168
2026-02-21,274.86453
2026-02-22,272.88837
2026-02-23,269.93555
2026-02-24,274.0823
2026-02-25,266.15256
2026-02-26,270.65286
2026-02-27,275.93887
2026-02-28,274.81323
2026-03-01,265.8656
2026-03-02,270.65393
2026-03-03,271.71225
2026-03-04,268.02332
2026-03-05,269.32303
2026-03-06,270.6739
2026-03-07,271.62762
2026-03-08,276.69284
2026-03-09,274.54434
2026-03-10,272.0079
2026-03-11,271.77808
2026-03-12,269.25592
2026-03-13,267.46115
2026-03-14,269.9707
2026-03-15,269.7347
2026-03-16,274.55692
2026-03-17,268.57498
2026-03-18,268.9593
2026-03-19,267.7781
2026-03-20,267.141
2026-03-21,265.5942
2026-03-22,270.58685
2026-03-23,267.54114
2026-03-24,274.2308
2026-03-25,270.72372
2026-03-26,274.17685
2026-03-27,275.44485
2026-03-28,273.00943
2026-03-29,269.46637
2026-03-30,270.98267
2026-03-31,274.10443
2026-04-01,269.0333
2026-04-02,272.59195
2026-04-03,271.3944
2026-04-04,268.35175
2026-04-05,264.98053
2026-04-06,269.99048
2026-04-07,274.58237
2026-04-08,272.30942
2026-04-09,265.71097
2026-04-10,271.02618
2026-04-11,269.72513
2026-04-12,269.3129
2026-04-13,270.30194
2026-04-14,273.4706
2026-04-15,268.13315
2026-04-16,271.011
2026-04-17,269.2569
2026-04-18,277.20786
2026-04-19,270.34952
2026-04-20,271.5689
2026-04-21,277.47476
2026-04-22,272.36713
null,270.98013
2026-01-01,270.52155
2026-01-02,278.49747
2026-01-03,270.58716
2026-01-04,263.32047
2026-01-05,269.64667
2026-01-06,275.45197
2026-01-07,272.17316
2026-01-08,270.863
2026-01-09,273.0575
2026-01-10,269.56277
2026-01-11,260.7559
2026-01-12,265.98224
2026-01-13,272.8242
2026-01-14,272.2647
2026-01-15,271.2138
2026-01-16,267.47717
2026-01-17,275.01074
2026-01-18,274.54373
2026-01-19,269.90182
2026-01-20,268.83347
2026-01-21,276.28116
2026-01-22,272.80078
2026-01-23,272.91245
2026-01-24,267.72668
2026-01-25,268.5015
2026-01-26,273.09598
2026-01-27,269.62466
2026-01-28,270.85413
2026-01-29,269.34692
2026-01-30,268.0559
2026-01-31,270.72128
2026-02-01,268.05884
2026-02-02,272.48767
2026-02-03,275.88177
2026-02-04,271.6403
2026-02-05,267.82556
2026-02-06,269.57062
2026-02-07,262.0321
2026-02-08,267.67664
2026-02-09,269.87943
2026-02-10,272.88904
2026-02-11,267.2865
2026-02-12,269.33234
2026-02-13,272.6597
2026-02-14,276.85638
2026-02-15,268.9625
2026-02-16,273.9533
2026-02-17,273.31332
2026-02-18,278.55606
2026-02-19,275.51974
2026-02-20,263.29596
2026-02-21,274.93292
2026-02-22,276.57077
2026-02-23,268.38812
2026-02-24,270.16415
2026-02-25,264.0533
2026-02-26,272.64545
2026-02-27,267.3339
2026-02-28,271.06888
2026-03-01,276.31528
2026-03-02,268.72382
2026-03-03,272.8719
2026-03-04,274.6336
2026-03-05,274.64606
2026-03-06,270.9102
2026-03-07,271.7701
2026-03-08,273.1881
2026-03-09,276.3816
2026-03-10,271.81607
2026-03-11,277.80194
2026-03-12,274.8012
2026-03-13,274.13284
2026-03-14,270.3514
2026-03-15,274.71655
null,268.88638
2026-01-01,273.7009
2026-01-02,275.58105
2026-01-03,269.21323
2026-01-04,270.64035
2026-01-05,277.0959
2026-01-06,266.55133
2026-01-07,278.28772
2026-01-08,273.44376
2026-01-09,271.78458
2026-01-10,266.6662
2026-01-11,274.50772
2026-01-12,272.17227
2026-01-13,269.48706
2026-01-14,267.06152
2026-01-15,264.21426
2026-01-16,275.80814
2026-01-17,270.07117
2026-01-18,280.7303
2026-01-19,278.42868
2026-01-20,278.3708
2026-01-21,273.5094
2026-01-22,275.33038
2026-01-23,271.85175
2026-01-24,270.75836
2026-01-25,265.42206
2026-01-26,272.1618
2026-01-27,269.5539
2026-01-28,271.19617
2026-01-29,265.5054
2026-01-30,270.33853
2026-01-31,272.173
2026-02-01,269.94885
2026-02-02,271.1093
2026-02-03,279.36185
2026-02-04,262.47986
2026-02-05,267.47977
2026-02-06,269.00345
2026-02-07,276.9901
2026-02-08,271.82904
2026-02-09,261.62885
2026-02-10,271.16626
2026-02-11,266.92874
2026-02-12,306.756
2026-02-13,269.0212
2026-02-14,276.2545
2026-02-15,272.70645
2026-02-16,274.77737
2026-02-17,272.8981
2026-02-18,276.91797
2026-02-19,270.62247
2026-02-20,270.87192
2026-02-21,274.6968
2026-02-22,268.1637
2026-02-23,266.01352
2026-02-24,271.94333
2026-02-25,266.84222
2026-02-26,268.0007
2026-02-27,269.0971
2026-02-28,274.6475
2026-03-01,275.7492
2026-03-02,274.48224
2026-03-03,265.85614
2026-03-04,266.76343
2026-03-05,269.1827
2026-03-06,274.84073
2026-03-07,274.29492
2026-03-08,272.64926
2026-03-09,270.9783
2026-03-10,305.16443
2026-03-11,273.03836
2026-03-12,274.11752
2026-03-13,273.85355
2026-03-14,272.9042
2026-03-15,271.06662
2026-03-16,272.9765
2026-03-17,267.42227
2026-03-18,271.11502
2026-03-19,277.0922
2026-03-20,271.95447
2026-03-21,271.9252
2026-03-22,270.03305
2026-03-23,274.71393
2026-03-24,275.877
2026-03-25,268.69977
2026-03-26,270.20764
2026-03-27,272.07788
2026-03-28,273.59296
2026-03-29,276.00815
2026-03-30,267.90356
2026-03-31,269.5737
2026-04-01,270.7207
2026-04-02,274.69455
2026-04-03,270.12106
2026-04-04,271.8073
2026-04-05,281.5509
2026-04-06,268.425
2026-04-07,270.43915
2026-04-08,269.96817
2026-04-09,271.55475
2026-04-10,269.3014
2026-04-11,273.56805
2026-04-12,274.64865
2026-04-13,271.37613
2026-04-14,269.91876
2026-04-15,273.57516
2026-04-16,266.1
2026-04-17,270.75922
2026-04-18,272.65622
2026-04-19,272.50012
2026-04-20,270.83157
2026-04-21,270.02673
2026-04-22,269.54517
2026-04-23,268.1582
2026-04-24,269.4983
2026-04-25,275.58496
2026-04-26,276.5276
2026-04-27,270.88733
2026-04-28,267.21463
2026-04-29,272.81665
2026-04-30,274.3218
2026-05-01,275.02032
2026-05-02,268.45605
2026-05-03,279.51022
2026-05-04,274.91513
2026-05-05,267.72183
2026-05-06,274.41205
2026-05-07,267.93488
2026-05-08,272.84753
2026-05-09,277.0705
2026-05-10,273.4669
2026-05-11,271.769
2026-05-12,268.92664
2026-05-13,271.2967
2026-05-14,269.80756
2026-05-15,231.9293
2026-05-16,269.67114
2026-05-17,269.40176
2026-05-18,270.2674
2026-05-19,266.43985
2026-05-20,277.50226
2026-05-21,276.87018
2026-05-22,275.98877
2026-05-23,268.8768
2026-05-24,276.9774
2026-05-25,270.35504
2026-05-26,278.5139
2026-05-27,265.60965
2026-05-28,270.91003
2026-05-29,276.40472
2026-05-30,268.6022
2026-05-31,267.13623
2026-06-01,269.05612
2026-06-02,270.0353
2026-06-03,269.06424
2026-06-04,273.89542
2026-06-05,275.6621
2026-06-06,270.04608
2026-06-07,270.68402
2026-06-08,275.14963
2026-06-09,269.08105
2026-06-10,276.75583
2026-06-11,277.68234
2026-06-12,274.30154
2026-06-13,271.9271
2026-06-14,273.28058
2026-06-15,268.4211
2026-06-16,270.3718
2026-06-17,273.5057
2026-06-18,274.7666
2026-06-19,269.77148
2026-06-20,271.58765
2026-06-21,271.0908
2026-06-22,272.82922
2026-06-23,269.29318
2026-06-24,277.90076
2026-06-25,269.86487
2026-06-26,271.8448
2026-06-27,269.00693
2026-06-28,269.07645
2026-06-29,281.34375
2026-06-30,271.8771
2026-07-01,270.7746
2026-07-02,274.37708
2026-07-03,271.74402
2026-07-04,294.7386
2026-07-05,285.01
2026-07-06,268.6099
2026-07-07,270.5011
2026-07-08,272.2471
2026-07-09,269.46765
2026-07-10,276.82632
2026-07-11,270.32526
2026-07-12,270.42294
2026-07-13,271.45175
2026-07-14,271.08408
2026-07-15,270.0085
2026-07-16,275.2124
2026-07-17,268.4662
2026-07-18,271.10312
2026-07-19,270.44418
2026-07-20,274.25723
2026-07-21,274.06052
2026-07-22,270.42804
2026-07-23,266.54007
2026-07-24,264.91486
2026-07-25,272.72388
2026-07-26,273.5277
2026-07-27,262.61282
2026-07-28,268.80667
2026-07-29,270.87958
2026-07-30,264.03134
2026-07-31,264.62354
2026-08-01,268.14047
2026-08-02,262.8105
2026-08-03,271.71912
2026-08-04,265.41055
2026-08-05,274.2268
2026-08-06,267.90863
2026-08-07,270.46307
2026-08-08,270.07764
2026-08-09,270.3093
2026-08-10,275.97018
2026-08-11,271.73648
2026-08-12,273.10522
2026-08-13,277.82574
2026-08-14,270.43445
2026-08-15,279.7708
2026-08-16,273.34055
2026-08-17,297.57785
2026-08-18,272.02368
2026-08-19,268.4167
2026-08-20,274.30142
2026-08-21,268.32373
2026-08-22,268.54785
2026-08-23,268.5951
2026-08-24,268.66348
2026-08-25,269.79965
2026-08-26,275.76266
2026-08-27,271.35165
2026-08-28,261.03598
2026-08-29,267.52448
2026-08-30,268.82864
2026-08-31,269.824
2026-09-01,277.95786
2026-09-02,267.518
2026-09-03,276.99835
2026-09-04,270.42572
2026-09-05,273.48965
2026-09-06,274.56702
2026-09-07,272.44864
2026-09-08,272.9369
2026-09-09,264.06183
2026-09-10,274.50485
2026-09-11,271.16132
2026-09-12,274.47354
2026-09-13,269.539
2026-09-14,273.02832
2026-09-15,272.24258
2026-09-16,272.16513
2026-09-17,272.73105
2026-09-18,275.25342
2026-09-19,270.46463
2026-09-20,267.9014
2026-09-21,268.3746
2026-09-22,276.43716
2026-09-23,270.42224
2026-09-24,271.15564
2026-09-25,277.49078
2026-09-26,272.3246
2026-09-27,271.00247
2026-09-28,272.31415
2026-09-29,272.83453
2026-09-30,270.9629
2026-10-01,268.6522
2026-10-02,273.01083
2026-10-03,266.5069
2026-10-04,275.5026
2026-10-05,268.63388
2026-10-06,272.5732
2026-10-07,276.37378
