2026-01-01,130.12
null,135.76636
2026-01-01,131.5111
2026-01-02,127.05074
2026-01-03,135.99399
2026-01-04,134.7134
2026-01-05,127.54367
2026-01-06,129.16994
2026-01-07,127.99698
2026-01-08,131.66524
2026-01-09,127.698204
2026-01-10,128.25917
2026-01-11,130.49715
2026-01-12,130.54901
2026-01-13,127.78514
2026-01-14,130.25056
2026-01-15,123.937675
2026-01-16,135.27779
2026-01-17,129.50328
2026-01-18,128.44064
2026-01-19,130.0599
2026-01-20,133.3613
2026-01-21,130.97905
2026-01-22,125.65465
2026-01-23,124.9072
2026-01-24,123.37823
2026-01-25,132.34154
2026-01-26,133.66408
2026-01-27,129.74884
2026-01-28,131.073
2026-01-29,132.59937
2026-01-30,130.21921
2026-01-31,124.458275
2026-02-01,124.867805
2026-02-02,127.82291
2026-02-03,128.39014
2026-02-04,130.20084
2026-02-05,129.22017
2026-02-06,132.28334
2026-02-07,134.92342
2026-02-08,122.664635
2026-02-09,132.04211
2026-02-10,127.38862
2026-02-11,126.16894
2026-02-12,122.05236
2026-02-13,124.725426
2026-02-14,135.48123
2026-02-15,129.02876
2026-02-16,132.55008
2026-02-17,131.29826
2026-02-18,132.05829
2026-02-19,124.169334
2026-02-20,132.69556
2026-02-21,128.93346
2026-02-22,101.51461
2026-02-23,129.10349
2026-02-24,128.83109
2026-02-25,131.48308
2026-02-26,130.206
2026-02-27,130.91458
2026-02-28,132.62653
2026-03-01,129.29376
2026-03-02,131.1007
2026-03-03,138.35973
2026-03-04,128.32388
2026-03-05,130.18413
2026-03-06,131.88942
2026-03-07,132.9823
2026-03-08,124.27897
2026-03-09,131.42323
2026-03-10,128.38367
2026-03-11,126.30459
2026-03-12,131.34602
2026-03-13,135.10977
2026-03-14,138.54964
2026-03-15,129.30797
2026-03-16,130.37639
2026-03-17,130.51602
2026-03-18,127.21653
2026-03-19,135.08429
2026-03-20,132.62776
2026-03-21,124.96244
2026-03-22,126.08924
2026-03-23,161.34416
2026-03-24,132.27802
2026-03-25,126.52741
2026-03-26,135.24748
2026-03-27,128.68318
2026-03-28,125.97757
2026-03-29,126.22144
2026-03-30,125.07322
2026-03-31,132.21457
2026-04-01,134.13396
2026-04-02,132.35545
2026-04-03,131.19519
2026-04-04,133.88588
2026-04-05,133.24007
2026-04-06,128.35036
2026-04-07,129.67508
2026-04-08,130.80595
2026-04-09,131.82014
2026-04-10,134.02591
2026-04-11,128.01517
2026-04-12,132.67776
2026-04-13,167.81117
2026-04-14,126.172066
2026-04-15,128.73293
2026-04-16,128.61858
2026-04-17,133.73666
2026-04-18,124.09768
2026-04-19,131.81422
2026-04-20,128.12991
2026-04-21,137.6306
2026-04-22,126.94376
2026-04-23,133.83047
2026-04-24,135.58325
2026-04-25,124.158104
2026-04-26,128.02065
2026-04-27,134.70906
2026-04-28,128.66989
2026-04-29,134.42859
2026-04-30,135.37842
2026-05-01,128.31812
2026-05-02,130.16273
2026-05-03,130.88078
2026-05-04,131.88928
2026-05-05,129.38611
2026-05-06,129.81065
2026-05-07,134.20642
2026-05-08,135.19276
2026-05-09,130.99835
2026-05-10,133.04796
2026-05-11,129.05461
2026-05-12,125.652
2026-05-13,135.74529
2026-05-14,137.88533
2026-05-15,126.66854
2026-05-16,129.20761
2026-05-17,131.20438
2026-05-18,127.53119
2026-05-19,124.17438
2026-05-20,127.4119
2026-05-21,126.643486
2026-05-22,126.79661
2026-05-23,130.05522
2026-05-24,133.19327
2026-05-25,135.01596
2026-05-26,131.7563
2026-05-27,129.65935
2026-05-28,126.27672
2026-05-29,131.02098
2026-05-30,126.64643
2026-05-31,132.83543
2026-06-01,129.22484
2026-06-02,125.235664
2026-06-03,130.71846
2026-06-04,128.74501
2026-06-05,131.62817
2026-06-06,135.66174
2026-06-07,131.28334
2026-06-08,126.88072
2026-06-09,133.84792
2026-06-10,129.83011
2026-06-11,130.84569
2026-06-12,131.27287
2026-06-13,130.03632
2026-06-14,134.61758
2026-06-15,132.80246
2026-06-16,130.27162
2026-06-17,126.094376
2026-06-18,132.61865
2026-06-19,127.70556
2026-06-20,138.67757
2026-06-21,133.24365
2026-06-22,131.04541
2026-06-23,128.40486
2026-06-24,129.62575
2026-06-25,132.1195
2026-06-26,133.00864
2026-06-27,134.84041
2026-06-28,131.66158
2026-06-29,126.645454
2026-06-30,130.80212
2026-07-01,128.20325
2026-07-02,130.06339
2026-07-03,133.35818
2026-07-04,126.236206
2026-07-05,128.07878
2026-07-06,130.19377
2026-07-07,131.65758
2026-07-08,132.6816
2026-07-09,132.00217
2026-07-10,133.97299
2026-07-11,134.32794
2026-07-12,122.24724
2026-07-13,131.47362
2026-07-14,133.31696
2026-07-15,128.58353
2026-07-16,132.19171
2026-07-17,129.54646
2026-07-18,137.25299
2026-07-19,131.6047
2026-07-20,131.5019
2026-07-21,132.59604
2026-07-22,130.7223
2026-07-23,128.11926
2026-07-24,131.49411
2026-07-25,130.0347
2026-07-26,134.78697
2026-07-27,124.78089
2026-07-28,133.70367
2026-07-29,133.73979
2026-07-30,132.2451
2026-07-31,130.34724
2026-08-01,134.03607
2026-08-02,130.4083
2026-08-03,129.95598
2026-08-04,127.49168
2026-08-05,132.33617
2026-08-06,132.00261
2026-08-07,129.6476
2026-08-08,135.65997
2026-08-09,130.65729
2026-08-10,131.03082
2026-08-11,127.164925
2026-08-12,127.30586
2026-08-13,133.26822
2026-08-14,125.798874
2026-08-15,131.96744
2026-08-16,136.05045
2026-08-17,137.02565
2026-08-18,127.24886
2026-08-19,131.0855
2026-08-20,141.91924
2026-08-21,127.88737
2026-08-22,130.18726
2026-08-23,129.73746
2026-08-24,133.31445
2026-08-25,130.24565
2026-08-26,128.5685
2026-08-27,122.43843
2026-08-28,127.71937
2026-08-29,134.9575
2026-08-30,132.03798
2026-08-31,128.47212
2026-09-01,125.84569
2026-09-02,132.0133
2026-09-03,131.60533
2026-09-04,130.83469
2026-09-05,124.120514
2026-09-06,131.72693
2026-09-07,127.07436
2026-09-08,132.86671
2026-09-09,127.68861
2026-09-10,128.67575
2026-09-11,128.55612
2026-09-12,131.85501
2026-09-13,136.23659
2026-09-14,135.63213
2026-09-15,132.07285
2026-09-16,137.72142
2026-09-17,129.59279
2026-09-18,127.611084
2026-09-19,131.4952
2026-09-20,127.224045
2026-09-21,133.82343
2026-09-22,132.78534
2026-09-23,123.01069
2026-09-24,130.42816
2026-09-25,125.85485
2026-09-26,131.27705
2026-09-27,124.269485
2026-09-28,129.80696
2026-09-29,126.96569
2026-09-30,129.06003
2026-10-01,127.72715
2026-10-02,132.53839
2026-10-03,127.42341
2026-10-04,131.6533
2026-10-05,129.58224
2026-10-06,128.84976
2026-10-07,124.96823
2026-10-08,133.22427
2026-10-09,132.48996
2026-10-10,130.01956
2026-10-11,132.07939
2026-10-12,130.13078
2026-10-13,130.55022
2026-10-14,122.92033
2026-10-15,131.25557
2026-10-16,127.80829
2026-10-17,134.36232
2026-10-18,130.03539
2026-10-19,124.701065
2026-10-20,131.74348
2026-10-21,125.10481
2026-10-22,133.37737
2026-10-23,130.65083
2026-10-24,132.02563
2026-10-25,125.1226
2026-10-26,134.88141
2026-10-27,130.5933
2026-10-28,135.23438
2026-10-29,150.586
2026-10-30,130.49567
2026-10-31,131.75679
2026-11-01,128.14255
2026-11-02,129.47076
2026-11-03,131.46301
2026-11-04,134.427
2026-11-05,129.36455
2026-11-06,129.93013
2026-11-07,135.23734
2026-11-08,127.966866
2026-11-09,126.244995
2026-11-10,128.44159
2026-11-11,131.73471
2026-11-12,132.2538
2026-11-13,125.63589
2026-11-14,133.37093
2026-11-15,137.86028
2026-11-16,130.0947
2026-11-17,129.62889
2026-11-18,125.93435
2026-11-19,135.02357
2026-11-20,128.84785
2026-11-21,123.69686
2026-11-22,129.81122
2026-11-23,135.58907
2026-11-24,133.27544
2026-11-25,128.61517
2026-11-26,131.51622
2026-11-27,131.36287
2026-11-28,140.41507
2026-11-29,127.09671
2026-11-30,127.87842
2026-12-01,129.41296
2026-12-02,137.19084
2026-12-03,132.94467
2026-12-04,134.64438
2026-12-05,128.65714
2026-12-06,128.5897
2026-12-07,132.97276
2026-12-08,131.45888
2026-12-09,127.91147
2026-12-10,125.82622
2026-12-11,126.08475
2026-12-12,128.16928
2026-12-13,128.63188
2026-12-14,131.61966
2026-12-15,127.92639
2026-12-16,134.29678
2026-12-17,129.01454
2026-12-18,129.91302
2026-12-19,128.35097
2026-12-20,131.02742
2026-12-21,130.74194
2026-12-22,130.58594
2026-12-23,156.97809
2026-12-24,133.62622
2026-12-25,127.927475
2026-12-26,132.7063
2026-12-27,131.11317
2026-12-28,128.21107
2026-12-29,130.48007
2026-12-30,126.787346
2026-12-31,131.30254
2027-01-01,123.61823
2027-01-02,131.27197
2027-01-03,126.52796
2027-01-04,132.99915
2027-01-05,134.7412
2027-01-06,129.9546
2027-01-07,132.94508
2027-01-08,132.33629
2027-01-09,128.383
2027-01-10,137.24153
2027-01-11,133.96434
2027-01-12,124.31907
2027-01-13,129.18327
2027-01-14,130.46979
2027-01-15,134.75797
2027-01-16,125.32419
2027-01-17,130.43767
2027-01-18,132.2147
2027-01-19,130.2883
2027-01-20,126.59931
2027-01-21,132.3952
2027-01-22,130.99585
2027-01-23,130.0313
2027-01-24,130.9352
2027-01-25,128.70459
2027-01-26,128.70938
2027-01-27,132.96152
2027-01-28,136.68028
2027-01-29,127.47686
2027-01-30,130.29065
2027-01-31,130.5651
2027-02-01,132.20033
2027-02-02,132.28542
2027-02-03,128.86938
2027-02-04,134.82104
2027-02-05,130.42618
2027-02-06,133.24756
2027-02-07,126.95996
null,127.04832
2026-01-01,131.92369
2026-01-02,127.3742
2026-01-03,128.1736
2026-01-04,129.81308
2026-01-05,169.81693
2026-01-06,131.08617
2026-01-07,128.98145
2026-01-08,126.63641
2026-01-09,128.1072
2026-01-10,130.76146
2026-01-11,128.05324
2026-01-12,127.362625
2026-01-13,123.27002
2026-01-14,131.03418
2026-01-15,128.78561
2026-01-16,133.56847
2026-01-17,135.16898
2026-01-18,124.83599
2026-01-19,129.96616
2026-01-20,136.1027
2026-01-21,129.4924
2026-01-22,128.17957
2026-01-23,125.39332
2026-01-24,127.80575
2026-01-25,126.75365
2026-01-26,129.64699
2026-01-27,129.33336
2026-01-28,124.70002
2026-01-29,124.37499
2026-01-30,126.14064
2026-01-31,135.1374
2026-02-01,134.0325
2026-02-02,128.63087
2026-02-03,128.70653
2026-02-04,128.1857
2026-02-05,125.61233
2026-02-06,134.10272
2026-02-07,134.13828
2026-02-08,131.25035
2026-02-09,132.69789
2026-02-10,127.4522
2026-02-11,129.00732
2026-02-12,122.49617
2026-02-13,126.10831
2026-02-14,129.09596
2026-02-15,131.00084
2026-02-16,131.52696
2026-02-17,126.09804
2026-02-18,126.06299
2026-02-19,129.57103
2026-02-20,129.69672
2026-02-21,134.05347
2026-02-22,131.28154
2026-02-23,132.39076
2026-02-24,130.2528
2026-02-25,128.03088
2026-02-26,128.67981
2026-02-27,126.14434
2026-02-28,136.39195
2026-03-01,126.95797
2026-03-02,129.51303
2026-03-03,128.94592
2026-03-04,130.13657
null,130.7375
2026-01-01,131.71472
2026-01-02,124.87772
2026-01-03,134.09987
2026-01-04,124.260086
2026-01-05,127.74668
2026-01-06,133.61632
2026-01-07,131.82224
2026-01-08,130.42781
2026-01-09,129.67168
2026-01-10,131.99452
2026-01-11,130.45615
2026-01-12,126.329994
2026-01-13,128.38763
2026-01-14,128.65776
2026-01-15,129.20981
2026-01-16,127.34759
2026-01-17,124.43498
2026-01-18,133.99051
2026-01-19,134.85728
2026-01-20,125.86263
2026-01-21,126.85784
2026-01-22,127.30682
2026-01-23,132.52611
2026-01-24,130.68266
2026-01-25,130.00679
2026-01-26,127.07391
2026-01-27,131.34198
2026-01-28,129.40356
2026-01-29,130.18257
2026-01-30,132.5821
2026-01-31,131.57845
2026-02-01,125.751724
2026-02-02,134.84709
2026-02-03,128.43457
2026-02-04,132.9822
2026-02-05,127.78871
2026-02-06,132.44464
2026-02-07,128.79817
2026-02-08,125.68116
2026-02-09,129.24815
2026-02-10,133.73364
2026-02-11,130.21263
2026-02-12,132.90428
2026-02-13,129.11508
2026-02-14,126.79904
2026-02-15,133.02274
2026-02-16,127.19972
2026-02-17,134.72185
2026-02-18,129.94295
2026-02-19,129.64607
2026-02-20,130.29266
2026-02-21,130.90189
2026-02-22,126.08099
2026-02-23,129.93257
2026-02-24,127.68214
2026-02-25,128.68694
2026-02-26,123.523056
2026-02-27,128.57411
2026-02-28,126.298645
2026-03-01,127.3344
2026-03-02,131.2532
2026-03-03,130.97067
2026-03-04,132.23409
2026-03-05,138.08777
2026-03-06,131.35506
2026-03-07,131.67447
2026-03-08,135.81662
2026-03-09,131.06711
2026-03-10,127.08107
2026-03-11,130.50232
2026-03-12,127.63641
2026-03-13,132.25012
2026-03-14,129.2628
2026-03-15,126.018936
2026-03-16,131.67252
2026-03-17,132.76082
2026-03-18,129.85324
2026-03-19,131.22223
2026-03-20,129.6355
2026-03-21,132.10368
2026-03-22,134.93037
2026-03-23,124.44153
2026-03-24,130.48892
2026-03-25,130.03778
2026-03-26,126.08667
2026-03-27,128.04037
2026-03-28,130.51385
2026-03-29,131.4619
2026-03-30,129.72781
2026-03-31,124.57357
2026-04-01,135.43144
2026-04-02,129.39432
2026-04-03,128.2479
2026-04-04,170.21631
2026-04-05,135.04495
2026-04-06,133.61539
2026-04-07,126.58398
2026-04-08,131.83043
2026-04-09,130.2869
2026-04-10,133.2527
2026-04-11,126.3674
2026-04-12,129.9827
2026-04-13,129.31299
2026-04-14,123.80535
2026-04-15,135.27956
2026-04-16,130.88832
2026-04-17,128.49344
2026-04-18,130.77979
2026-04-19,128.97693
2026-04-20,136.42862
2026-04-21,130.53514
2026-04-22,129.581
2026-04-23,129.8107
2026-04-24,130.29794
2026-04-25,126.91724
2026-04-26,129.57275
2026-04-27,110.36862
2026-04-28,128.7853
2026-04-29,128.32385
2026-04-30,131.85025
2026-05-01,125.987015
2026-05-02,128.16136
2026-05-03,130.78943
2026-05-04,132.49942
2026-05-05,129.40578
2026-05-06,136.32173
2026-05-07,130.24208
2026-05-08,134.83194
2026-05-09,132.8715
2026-05-10,128.61252
2026-05-11,131.12662
2026-05-12,131.56436
2026-05-13,133.30191
2026-05-14,131.12024
2026-05-15,132.42883
2026-05-16,131.92366
2026-05-17,130.18384
2026-05-18,124.70936
2026-05-19,132.057
2026-05-20,127.9781
2026-05-21,135.36005
2026-05-22,130.53836
2026-05-23,126.89459
2026-05-24,131.35512
2026-05-25,128.65738
2026-05-26,130.05943
2026-05-27,125.08312
2026-05-28,128.55792
2026-05-29,125.27404
2026-05-30,130.0404
2026-05-31,131.7516
2026-06-01,131.13869
2026-06-02,130.8747
2026-06-03,132.14021
2026-06-04,131.11737
2026-06-05,130.25978
2026-06-06,125.83918
2026-06-07,131.44138
2026-06-08,132.40479
2026-06-09,126.65681
2026-06-10,130.6977
2026-06-11,134.29245
2026-06-12,125.663155
2026-06-13,133.7327
2026-06-14,131.9576
2026-06-15,131.6711
2026-06-16,133.92096
2026-06-17,131.35085
2026-06-18,131.16878
2026-06-19,130.33232
2026-06-20,131.31552
2026-06-21,124.99667
2026-06-22,132.84726
2026-06-23,134.32417
2026-06-24,135.6674
2026-06-25,127.7503
2026-06-26,130.18584
2026-06-27,135.93738
2026-06-28,134.576
2026-06-29,137.67287
2026-06-30,137.79941
2026-07-01,133.07742
2026-07-02,133.81586
2026-07-03,130.30751
2026-07-04,129.80904
2026-07-05,134.71648
2026-07-06,131.09822
2026-07-07,125.82296
2026-07-08,130.86426
2026-07-09,131.89778
2026-07-10,126.78422
2026-07-11,127.00252
2026-07-12,127.3209
2026-07-13,128.45192
2026-07-14,127.76152
2026-07-15,139.36812
2026-07-16,128.22421
2026-07-17,131.40846
2026-07-18,122.438286
2026-07-19,130.96107
2026-07-20,132.02678
2026-07-21,128.76941
2026-07-22,131.81554
2026-07-23,129.74606
2026-07-24,128.90067
2026-07-25,129.28716
2026-07-26,139.68816
2026-07-27,136.2077
2026-07-28,133.51192
2026-07-29,129.45224
2026-07-30,126.7856
2026-07-31,126.762
2026-08-01,131.7002
2026-08-02,128.88782
2026-08-03,126.743355
2026-08-04,125.8497
2026-08-05,134.84717
2026-08-06,129.6831
null,128.7354
2026-01-01,126.28551
2026-01-02,132.08662
2026-01-03,129.61554
2026-01-04,125.20767
2026-01-05,127.32025
2026-01-06,127.23716
2026-01-07,135.80667
2026-01-08,125.14757
2026-01-09,129.28716
2026-01-10,134.76997
2026-01-11,130.55536
2026-01-12,126.90673
2026-01-13,134.43758
2026-01-14,131.89421
2026-01-15,129.22267
2026-01-16,129.74669
2026-01-17,129.53088
2026-01-18,130.9235
2026-01-19,125.94827
2026-01-20,131.00793
2026-01-21,123.41569
2026-01-22,130.12283
2026-01-23,136.7408
2026-01-24,133.92534
2026-01-25,126.13988
2026-01-26,127.69058
2026-01-27,135.55414
2026-01-28,132.91537
2026-01-29,133.8995
2026-01-30,131.19902
2026-01-31,136.26974
2026-02-01,132.5073
2026-02-02,124.91193
2026-02-03,137.89664
2026-02-04,132.29596
2026-02-05,134.68323
2026-02-06,131.18713
2026-02-07,136.23824
2026-02-08,129.96205
2026-02-09,126.70478
2026-02-10,136.52287
2026-02-11,133.0671
2026-02-12,122.26187
2026-02-13,126.823715
2026-02-14,129.78996
2026-02-15,124.96805
2026-02-16,127.62498
2026-02-17,131.75269
2026-02-18,133.37184
2026-02-19,132.64543
2026-02-20,131.3044
2026-02-21,137.17513
2026-02-22,132.43414
2026-02-23,129.792
2026-02-24,133.69635
2026-02-25,127.19121
2026-02-26,124.202286
2026-02-27,124.885056
2026-02-28,128.13492
2026-03-01,129.22392
2026-03-02,128.9529
2026-03-03,127.23142
2026-03-04,126.941315
2026-03-05,126.99207
2026-03-06,126.0836
2026-03-07,135.0921
2026-03-08,125.32998
2026-03-09,135.52377
2026-03-10,126.63492
2026-03-11,130.30113
2026-03-12,130.59108
2026-03-13,126.278
2026-03-14,122.83722
2026-03-15,134.25171
null,126.77153
2026-01-01,126.86778
2026-01-02,132.90096
2026-01-03,137.66307
2026-01-04,128.41232
2026-01-05,125.669846
2026-01-06,127.81597
2026-01-07,130.00546
2026-01-08,130.05734
2026-01-09,132.12491
2026-01-10,115.721405
2026-01-11,131.92163
2026-01-12,137.63513
2026-01-13,129.51756
2026-01-14,131.69046
2026-01-15,129.28613
2026-01-16,130.99025
2026-01-17,132.8718
2026-01-18,128.39786
2026-01-19,131.1741
2026-01-20,125.71066
2026-01-21,122.54619
2026-01-22,104.532394
2026-01-23,130.81297
2026-01-24,126.67505
2026-01-25,131.61003
2026-01-26,128.01765
2026-01-27,131.0655
2026-01-28,130.06734
2026-01-29,132.28268
2026-01-30,128.02634
2026-01-31,128.73161
2026-02-01,137.16205
2026-02-02,133.61594
2026-02-03,131.22057
2026-02-04,122.74678
2026-02-05,130.1331
2026-02-06,130.53163
2026-02-07,124.79194
2026-02-08,132.46275
2026-02-09,134.76384
2026-02-10,130.22041
2026-02-11,129.00151
2026-02-12,127.57557
2026-02-13,126.14086
2026-02-14,129.48384
2026-02-15,133.88118
2026-02-16,130.3419
2026-02-17,129.94685
2026-02-18,131.52019
2026-02-19,130.41963
2026-02-20,130.53337
2026-02-21,128.47433
2026-02-22,132.49123
2026-02-23,136.15582
2026-02-24,129.79314
2026-02-25,125.38526
2026-02-26,131.26643
2026-02-27,129.27518
2026-02-28,134.23907
2026-03-01,127.815414
2026-03-02,130.20656
null,133.02205
2026-01-01,124.42996
2026-01-02,136.38504
2026-01-03,128.14227
2026-01-04,128.94522
2026-01-05,124.9632
2026-01-06,131.97186
2026-01-07,132.75864
2026-01-08,130.07692
2026-01-09,133.25412
2026-01-10,127.28979
2026-01-11,134.55902
2026-01-12,125.94065
2026-01-13,127.00414
2026-01-14,127.31217
2026-01-15,126.21504
2026-01-16,131.61627
2026-01-17,128.74374
2026-01-18,129.34975
2026-01-19,129.1669
2026-01-20,124.36436
2026-01-21,129.72493
2026-01-22,133.65771
2026-01-23,128.87083
2026-01-24,127.30968
2026-01-25,126.2598
2026-01-26,129.4526
2026-01-27,129.28534
2026-01-28,126.57389
2026-01-29,134.32193
2026-01-30,126.73959
2026-01-31,128.30644
2026-02-01,128.83961
2026-02-02,131.19467
2026-02-03,124.0809
2026-02-04,127.65737
2026-02-05,128.14845
2026-02-06,128.27586
2026-02-07,131.62454
2026-02-08,131.38353
2026-02-09,129.91864
2026-02-10,133.29079
2026-02-11,136.37964
2026-02-12,133.00804
2026-02-13,132.54994
2026-02-14,131.37723
2026-02-15,135.46568
2026-02-16,120.724846
2026-02-17,130.32088
2026-02-18,142.8734
2026-02-19,127.52872
2026-02-20,125.9686
2026-02-21,128.98972
2026-02-22,129.01817
2026-02-23,130.14638
2026-02-24,131.63821
2026-02-25,129.29851
2026-02-26,136.64665
2026-02-27,132.66882
2026-02-28,136.18959
2026-03-01,136.77396
2026-03-02,126.170616
2026-03-03,128.36975
2026-03-04,133.37973
2026-03-05,132.32129
2026-03-06,131.48625
2026-03-07,131.15999
2026-03-08,131.83186
2026-03-09,127.817444
2026-03-10,127.92307
2026-03-11,128.82954
2026-03-12,136.2533
2026-03-13,126.263054
2026-03-14,129.87498
2026-03-15,132.18787
2026-03-16,128.30879
2026-03-17,135.00829
2026-03-18,132.61371
2026-03-19,126.33667
2026-03-20,131.25735
2026-03-21,132.52562
2026-03-22,128.16078
2026-03-23,129.78735
2026-03-24,132.2833
2026-03-25,134.07509
2026-03-26,135.2203
2026-03-27,131.78802
2026-03-28,127.926025
2026-03-29,129.82127
2026-03-30,125.39001
2026-03-31,128.49637
2026-04-01,127.79939
2026-04-02,131.7892
2026-04-03,129.76022
2026-04-04,135.74495
2026-04-05,127.37793
2026-04-06,130.08516
2026-04-07,128.04373
2026-04-08,132.54836
2026-04-09,128.59889
2026-04-10,126.83029
2026-04-11,129.32845
2026-04-12,129.80602
2026-04-13,133.25075
2026-04-14,136.33904
2026-04-15,129.17445
2026-04-16,128.87688
2026-04-17,135.07158
2026-04-18,128.9546
2026-04-19,129.6148
2026-04-20,128.77283
2026-04-21,136.44054
2026-04-22,136.4323
2026-04-23,126.54983
2026-04-24,131.90688
2026-04-25,125.09969
2026-04-26,128.14488
2026-04-27,126.69481
2026-04-28,127.58297
2026-04-29,124.69572
2026-04-30,132.72064
2026-05-01,128.06177
2026-05-02,130.02274
2026-05-03,134.29836
2026-05-04,133.11963
2026-05-05,129.91579
2026-05-06,130.58438
2026-05-07,126.894035
2026-05-08,131.88417
2026-05-09,131.61568
2026-05-10,127.04608
2026-05-11,126.72094
2026-05-12,135.35257
2026-05-13,128.31378
2026-05-14,131.16315
2026-05-15,126.7169
2026-05-16,128.5658
2026-05-17,127.07439
2026-05-18,123.588715
2026-05-19,131.39703
2026-05-20,131.73256
2026-05-21,129.30057
2026-05-22,131.75597
2026-05-23,133.68521
2026-05-24,132.59668
2026-05-25,137.91063
2026-05-26,127.20361
2026-05-27,134.27904
2026-05-28,126.79744
2026-05-29,129.37971
2026-05-30,129.12312
2026-05-31,127.94026
2026-06-01,134.34833
2026-06-02,126.79687
2026-06-03,127.8359
2026-06-04,126.92153
2026-06-05,133.6611
2026-06-06,132.58095
2026-06-07,135.48457
2026-06-08,131.38535
2026-06-09,129.43347
2026-06-10,125.06288
2026-06-11,94.44815
2026-06-12,131.94554
2026-06-13,125.34088
2026-06-14,125.44861
2026-06-15,136.71948
2026-06-16,135.55746
2026-06-17,135.88097
2026-06-18,131.55034
2026-06-19,129.07275
2026-06-20,131.64954
2026-06-21,130.86078
2026-06-22,84.66734
2026-06-23,133.70894
2026-06-24,134.34744
2026-06-25,131.82768
2026-06-26,137.6485
2026-06-27,131.39157
2026-06-28,133.71025
2026-06-29,129.34431
2026-06-30,129.13736
2026-07-01,129.20679
2026-07-02,130.97224
2026-07-03,129.32945
2026-07-04,135.85988
2026-07-05,130.0728
2026-07-06,130.93896
2026-07-07,127.47205
2026-07-08,129.86626
2026-07-09,125.05645
2026-07-10,135.22134
2026-07-11,132.2029
2026-07-12,130.14323
2026-07-13,129.15955
2026-07-14,124.96921
2026-07-15,127.60706
2026-07-16,126.71985
2026-07-17,129.11913
2026-07-18,130.45117
2026-07-19,128.29785
2026-07-20,129.07532
2026-07-21,125.03844
2026-07-22,129.86874
2026-07-23,134.33269
2026-07-24,128.5591
2026-07-25,134.14622
2026-07-26,132.49257
2026-07-27,132.45827
2026-07-28,127.490555
2026-07-29,133.41502
2026-07-30,130.26236
2026-07-31,126.0391
2026-08-01,128.2688
2026-08-02,128.3429
2026-08-03,127.89333
2026-08-04,129.87566
2026-08-05,131.46455
2026-08-06,133.86905
2026-08-07,133.98997
2026-08-08,135.05074
2026-08-09,129.9729
2026-08-10,127.648094
2026-08-11,128.75996
2026-08-12,128.94727
2026-08-13,123.59054
2026-08-14,127.66855
2026-08-15,129.95465
2026-08-16,136.12901
2026-08-17,127.38456
2026-08-18,136.14809
2026-08-19,130.50201
2026-08-20,139.48117
2026-08-21,129.36304
2026-08-22,193.09448
2026-08-23,127.5769
2026-08-24,135.11841
2026-08-25,128.67554
2026-08-26,126.81488
2026-08-27,129.46866
2026-08-28,129.13425
2026-08-29,131.79189
2026-08-30,133.28284
2026-08-31,128.64148
2026-09-01,125.92104
2026-09-02,131.16223
2026-09-03,130.6142
2026-09-04,131.86214
2026-09-05,130.55072
2026-09-06,127.33651
2026-09-07,132.60077
2026-09-08,137.46028
2026-09-09,124.422745
2026-09-10,128.88042
2026-09-11,133.55492
2026-09-12,128.80225
2026-09-13,127.988914
2026-09-14,134.59644
2026-09-15,128.42068
2026-09-16,127.278824
2026-09-17,129.29335
2026-09-18,131.93907
2026-09-19,126.62692
2026-09-20,133.13051
2026-09-21,123.54555
2026-09-22,128.49985
2026-09-23,129.14392
2026-09-24,130.6781
2026-09-25,129.43913
2026-09-26,126.84615
2026-09-27,131.15012
2026-09-28,126.381134
2026-09-29,131.77158
2026-09-30,131.41942
2026-10-01,127.89516
2026-10-02,128.3087
2026-10-03,132.2594
2026-10-04,128.9643
2026-10-05,132.75621
2026-10-06,129.57274
2026-10-07,130.76001
2026-10-08,128.36833
2026-10-09,131.4046
2026-10-10,133.40567
2026-10-11,127.442215
2026-10-12,129.43515
2026-10-13,139.39684
2026-10-14,131.03201
2026-10-15,126.63572
2026-10-16,128.13176
2026-10-17,132.28465
2026-10-18,132.02916
2026-10-19,129.54047
2026-10-20,125.35101
2026-10-21,129.02177
2026-10-22,130.73807
2026-10-23,128.4442
2026-10-24,128.9342
2026-10-25,132.62881
2026-10-26,133.47643
2026-10-27,129.16614
2026-10-28,129.48741
2026-10-29,130.1217
2026-10-30,129.58742
2026-10-31,130.94627
2026-11-01,124.76495
2026-11-02,129.82474
2026-11-03,130.68762
2026-11-04,132.47919
2026-11-05,129.21278
2026-11-06,128.31451
2026-11-07,130.36047
2026-11-08,130.96053
2026-11-09,128.41605
2026-11-10,134.14438
2026-11-11,132.02861
2026-11-12,128.8756
2026-11-13,134.16257
2026-11-14,135.26888
2026-11-15,131.93361
2026-11-16,130.55443
2026-11-17,125.08082
2026-11-18,127.83972
null,126.08752
2026-01-01,129.68579
2026-01-02,137.24644
2026-01-03,125.27355
2026-01-04,134.54568
2026-01-05,135.59213
2026-01-06,135.2195
2026-01-07,131.32034
2026-01-08,130.9458
2026-01-09,125.64719
2026-01-10,129.52036
2026-01-11,129.91708
2026-01-12,127.57438
2026-01-13,128.75356
2026-01-14,132.16525
2026-01-15,139.51518
2026-01-16,124.92852
2026-01-17,132.43106
2026-01-18,134.44214
2026-01-19,131.83795
2026-01-20,136.89319
2026-01-21,133.13904
2026-01-22,133.50877
2026-01-23,120.77677
2026-01-24,128.57054
2026-01-25,132.88972
2026-01-26,128.69092
2026-01-27,132.23717
2026-01-28,131.74103
2026-01-29,122.26926
2026-01-30,132.83366
2026-01-31,126.34466
2026-02-01,126.45957
2026-02-02,134.30402
2026-02-03,128.64085
2026-02-04,131.5453
2026-02-05,128.87892
2026-02-06,128.9886
2026-02-07,132.83821
2026-02-08,128.7423
2026-02-09,129.13893
2026-02-10,132.60959
2026-02-11,132.06154
2026-02-12,131.54091
2026-02-13,127.60633
2026-02-14,133.01492
2026-02-15,133.97533
2026-02-16,131.96318
2026-02-17,129.656
2026-02-18,133.7412
2026-02-19,135.22328
2026-02-20,130.86787
2026-02-21,127.56463
2026-02-22,129.25017
2026-02-23,128.66748
2026-02-24,130.14462
2026-02-25,133.91884
2026-02-26,128.14854
2026-02-27,130.8354
2026-02-28,128.27722
2026-03-01,131.52786
2026-03-02,131.88058
2026-03-03,134.38661
2026-03-04,127.24751
2026-03-05,126.877235
2026-03-06,129.14447
2026-03-07,125.51556
2026-03-08,128.39923
2026-03-09,131.43724
2026-03-10,134.22289
2026-03-11,125.12672
2026-03-12,132.8682
2026-03-13,125.1569
2026-03-14,131.82828
2026-03-15,129.82036
2026-03-16,125.7919
2026-03-17,133.51778
2026-03-18,126.857956
2026-03-19,130.28394
2026-03-20,130.07802
2026-03-21,128.57245
2026-03-22,130.81174
2026-03-23,123.94306
2026-03-24,128.53487
2026-03-25,124.24505
2026-03-26,131.51222
2026-03-27,137.63664
2026-03-28,127.10496
2026-03-29,130.74895
2026-03-30,123.6661
2026-03-31,133.62334
2026-04-01,124.02242
2026-04-02,128.61212
2026-04-03,126.46135
2026-04-04,131.06454
2026-04-05,131.183
2026-04-06,127.83106
2026-04-07,127.12791
2026-04-08,135.40025
2026-04-09,125.0035
2026-04-10,129.34589
2026-04-11,130.96877
2026-04-12,131.29211
2026-04-13,135.90523
2026-04-14,131.17963
2026-04-15,124.33056
2026-04-16,137.15002
2026-04-17,130.9556
2026-04-18,131.98016
2026-04-19,133.60532
2026-04-20,128.48094
2026-04-21,127.215324
2026-04-22,128.88837
null,130.97543
2026-01-01,131.9205
2026-01-02,131.72621
2026-01-03,128.76227
2026-01-04,129.3168
2026-01-05,123.8911
2026-01-06,129.72786
2026-01-07,133.7079
2026-01-08,132.99377
2026-01-09,128.40125
2026-01-10,128.83533
2026-01-11,128.6595
2026-01-12,126.16843
2026-01-13,127.45269
2026-01-14,130.51886
2026-01-15,129.70923
2026-01-16,130.97635
2026-01-17,131.01001
2026-01-18,132.77257
2026-01-19,128.73933
2026-01-20,125.98257
2026-01-21,125.5928
2026-01-22,132.96147
2026-01-23,125.831276
2026-01-24,132.57399
2026-01-25,127.25348
2026-01-26,135.95401
2026-01-27,129.16356
2026-01-28,130.3017
2026-01-29,131.84598
2026-01-30,131.56934
2026-01-31,131.73463
2026-02-01,126.28019
2026-02-02,131.12178
2026-02-03,132.54979
2026-02-04,137.22945
2026-02-05,139.4053
2026-02-06,133.68349
2026-02-07,134.516
2026-02-08,129.50168
2026-02-09,130.4133
2026-02-10,129.0843
2026-02-11,130.8005
2026-02-12,125.40031
2026-02-13,130.61716
2026-02-14,129.5943
2026-02-15,134.05998
2026-02-16,130.32205
2026-02-17,134.47498
2026-02-18,130.9896
2026-02-19,126.95276
2026-02-20,134.11472
2026-02-21,126.49949
2026-02-22,128.85341
2026-02-23,124.676346
2026-02-24,127.98817
2026-02-25,234.41705
2026-02-26,132.60661
2026-02-27,125.48156
2026-02-28,137.5665
2026-03-01,130.70912
2026-03-02,127.11131
2026-03-03,129.94366
2026-03-04,127.99256
2026-03-05,124.849236
2026-03-06,121.97169
2026-03-07,131.57082
2026-03-08,131.8638
2026-03-09,126.80854
2026-03-10,126.66308
2026-03-11,84.36211
2026-03-12,129.42409
2026-03-13,131.44086
2026-03-14,131.10529
2026-03-15,130.40158
null,129.60818
2026-01-01,128.26762
2026-01-02,126.921875
2026-01-03,129.5225
2026-01-04,126.32851
2026-01-05,128.46176
2026-01-06,131.38408
2026-01-07,126.00674
2026-01-08,129.97592
2026-01-09,134.39313
2026-01-10,134.00386
2026-01-11,130.3935
2026-01-12,136.03954
2026-01-13,135.1223
2026-01-14,135.53471
2026-01-15,130.9109
2026-01-16,126.17991
2026-01-17,129.69325
2026-01-18,127.119
2026-01-19,128.91542
2026-01-20,132.25049
2026-01-21,129.75961
2026-01-22,132.37581
2026-01-23,130.20743
2026-01-24,130.03984
2026-01-25,129.69672
2026-01-26,134.5915
2026-01-27,129.36311
2026-01-28,129.07605
2026-01-29,132.19867
2026-01-30,131.38268
2026-01-31,124.76492
2026-02-01,131.98663
2026-02-02,131.78351
2026-02-03,128.77576
2026-02-04,127.29675
2026-02-05,128.40865
2026-02-06,130.7573
2026-02-07,126.049095
2026-02-08,126.72125
2026-02-09,132.46321
2026-02-10,129.05547
2026-02-11,128.88675
2026-02-12,132.16774
2026-02-13,127.47078
2026-02-14,129.73529
2026-02-15,128.41397
2026-02-16,125.119995
2026-02-17,132.70334
2026-02-18,128.03113
2026-02-19,135.48068
2026-02-20,132.8544
2026-02-21,135.50992
2026-02-22,128.69753
2026-02-23,130.9913
2026-02-24,130.72011
2026-02-25,126.97312
2026-02-26,134.70912
2026-02-27,129.5927
2026-02-28,129.12756
2026-03-01,127.60915
2026-03-02,129.07396
2026-03-03,133.72775
2026-03-04,127.82703
2026-03-05,131.21843
2026-03-06,130.21873
2026-03-07,126.86872
2026-03-08,130.57991
2026-03-09,129.60286
2026-03-10,130.37193
2026-03-11,131.20433
2026-03-12,135.2121
2026-03-13,133.96681
2026-03-14,130.75526
2026-03-15,132.64696
2026-03-16,132.70557
2026-03-17,127.805885
2026-03-18,132.77328
2026-03-19,132.60672
2026-03-20,133.65659
2026-03-21,123.637405
2026-03-22,132.51656
2026-03-23,124.628136
2026-03-24,128.2525
2026-03-25,132.12563
2026-03-26,129.78813
2026-03-27,129.37595
2026-03-28,133.23468
2026-03-29,128.78342
2026-03-30,132.35257
2026-03-31,128.06772
2026-04-01,133.45052
2026-04-02,134.24542
2026-04-03,127.18036
2026-04-04,130.44537
2026-04-05,129.89503
2026-04-06,127.27978
2026-04-07,133.47429
2026-04-08,126.96801
2026-04-09,127.05917
2026-04-10,134.58363
2026-04-11,131.83405
2026-04-12,134.55965
2026-04-13,133.05252
2026-04-14,132.76076
2026-04-15,130.08594
2026-04-16,133.9643
2026-04-17,132.10545
2026-04-18,128.25792
2026-04-19,133.56654
2026-04-20,132.62904
2026-04-21,135.32066
2026-04-22,134.51047
2026-04-23,129.47699
2026-04-24,127.85538
2026-04-25,133.37016
2026-04-26,130.34187
2026-04-27,131.67606
2026-04-28,132.60022
2026-04-29,132.46759
2026-04-30,129.76768
2026-05-01,117.38334
2026-05-02,125.75108
2026-05-03,131.4586
2026-05-04,125.89651
2026-05-05,129.59995
2026-05-06,127.17921
2026-05-07,132.1
2026-05-08,127.020004
2026-05-09,132.1262
2026-05-10,128.19775
2026-05-11,134.7802
2026-05-12,123.49362
2026-05-13,128.96777
2026-05-14,134.81134
2026-05-15,127.96481
2026-05-16,128.34082
2026-05-17,133.43498
2026-05-18,131.93822
2026-05-19,127.60731
2026-05-20,125.73041
2026-05-21,134.02312
2026-05-22,132.44626
2026-05-23,129.3676
2026-05-24,131.14293
2026-05-25,127.64786
2026-05-26,132.01846
2026-05-27,132.07587
2026-05-28,130.67178
2026-05-29,127.97958
2026-05-30,131.44666
2026-05-31,127.86505
2026-06-01,134.01457
2026-06-02,131.34833
2026-06-03,129.76334
2026-06-04,127.8189
2026-06-05,126.77647
2026-06-06,126.231186
2026-06-07,127.09032
2026-06-08,129.92639
2026-06-09,130.34013
2026-06-10,129.98273
2026-06-11,124.60328
2026-06-12,138.31985
2026-06-13,121.635765
2026-06-14,132.25545
2026-06-15,134.20792
2026-06-16,131.56837
2026-06-17,131.52998
2026-06-18,132.97757
2026-06-19,130.28516
2026-06-20,130.158
2026-06-21,134.92853
2026-06-22,128.24977
2026-06-23,132.47443
2026-06-24,131.79807
2026-06-25,126.3076
2026-06-26,129.25851
2026-06-27,128.80093
2026-06-28,125.68744
2026-06-29,96.115105
2026-06-30,133.04321
2026-07-01,128.0383
2026-07-02,127.148
2026-07-03,133.551
2026-07-04,115.37509
2026-07-05,131.97968
2026-07-06,127.55076
2026-07-07,129.69087
2026-07-08,128.15503
2026-07-09,136.68243
2026-07-10,126.67127
2026-07-11,126.77306
2026-07-12,132.22314
2026-07-13,136.23514
2026-07-14,126.624405
2026-07-15,130.5093
2026-07-16,132.86244
2026-07-17,126.77384
2026-07-18,126.70663
2026-07-19,127.88465
2026-07-20,131.75197
2026-07-21,127.11503
2026-07-22,130.48361
2026-07-23,132.02411
2026-07-24,131.37933
2026-07-25,129.84735
2026-07-26,128.42296
2026-07-27,133.48907
2026-07-28,132.91225
2026-07-29,130.74983
2026-07-30,132.13531
2026-07-31,126.67441
2026-08-01,133.23366
2026-08-02,132.00533
2026-08-03,125.747665
2026-08-04,127.77583
2026-08-05,129.57681
2026-08-06,130.61983
2026-08-07,130.48047
2026-08-08,128.47324
2026-08-09,133.12337
2026-08-10,133.32065
2026-08-11,126.629
2026-08-12,129.03473
2026-08-13,131.23752
2026-08-14,132.3762
2026-08-15,127.44698
2026-08-16,132.9744
2026-08-17,130.7331
2026-08-18,131.6699
2026-08-19,129.61212
2026-08-20,126.50836
2026-08-21,130.10022
2026-08-22,130.8501
2026-08-23,129.3992
2026-08-24,130.46854
2026-08-25,129.65483
2026-08-26,129.74771
2026-08-27,133.00574
2026-08-28,105.7717
2026-08-29,129.25427
2026-08-30,132.29558
2026-08-31,132.90419
2026-09-01,128.6264
2026-09-02,127.500595
2026-09-03,134.3272
2026-09-04,126.35083
2026-09-05,130.3448
2026-09-06,129.5131
2026-09-07,129.9992
2026-09-08,127.47773
2026-09-09,131.70981
2026-09-10,123.15661
2026-09-11,132.29227
2026-09-12,134.8735
2026-09-13,128.4884
2026-09-14,133.20367
2026-09-15,130.12933
2026-09-16,129.79134
2026-09-17,135.84822
2026-09-18,130.12256
2026-09-19,122.42381
2026-09-20,129.66249
2026-09-21,132.3526
2026-09-22,126.073296
2026-09-23,132.51183
2026-09-24,132.00832
2026-09-25,133.78906
2026-09-26,129.7115
2026-09-27,126.45111
2026-09-28,129.42545
2026-09-29,128.59442
2026-09-30,130.25873
2026-10-01,128.89847
2026-10-02,123.010544
2026-10-03,124.44297
2026-10-04,130.45161
2026-10-05,135.79587
2026-10-06,133.4028
2026-10-07,125.00505
