2026-01-01,418.07
null,409.1609
2026-01-01,410.85638
2026-01-02,417.0557
2026-01-03,418.89557
2026-01-04,417.82245
2026-01-05,418.0398
2026-01-06,419.45895
2026-01-07,429.4551
2026-01-08,420.7076
2026-01-09,420.3781
2026-01-10,419.64197
2026-01-11,409.0182
2026-01-12,413.60214
2026-01-13,412.57352
2026-01-14,470.13394
2026-01-15,424.79776
2026-01-16,419.02747
2026-01-17,418.9126
2026-01-18,424.3707
2026-01-19,415.3911
2026-01-20,415.24966
2026-01-21,429.24368
2026-01-22,417.70926
2026-01-23,421.76437
2026-01-24,418.00458
2026-01-25,414.6894
2026-01-26,411.77518
2026-01-27,422.15237
2026-01-28,409.38718
2026-01-29,429.4392
2026-01-30,411.3087
2026-01-31,418.58698
2026-02-01,424.72595
2026-02-02,413.65427
2026-02-03,419.75854
2026-02-04,415.07437
2026-02-05,413.17606
2026-02-06,424.7569
2026-02-07,413.928
2026-02-08,418.28366
2026-02-09,417.50836
2026-02-10,418.79065
2026-02-11,411.7366
2026-02-12,415.49152
2026-02-13,417.3194
2026-02-14,414.41287
2026-02-15,421.1975
2026-02-16,419.00482
2026-02-17,413.67023
2026-02-18,419.12143
2026-02-19,409.79248
2026-02-20,422.83368
2026-02-21,422.23767
2026-02-22,417.8008
2026-02-23,422.0588
2026-02-24,413.40866
2026-02-25,421.04898
2026-02-26,411.12506
2026-02-27,423.52008
2026-02-28,419.84067
2026-03-01,423.43304
2026-03-02,422.68335
2026-03-03,426.2964
2026-03-04,420.87433
2026-03-05,413.87878
2026-03-06,419.35068
2026-03-07,413.9789
2026-03-08,402.71677
2026-03-09,420.97037
2026-03-10,430.20184
2026-03-11,412.53827
2026-03-12,414.63638
2026-03-13,422.36942
2026-03-14,421.08142
2026-03-15,404.5573
2026-03-16,421.81073
2026-03-17,413.40225
2026-03-18,423.48734
2026-03-19,426.41022
2026-03-20,424.12698
2026-03-21,404.70752
2026-03-22,420.03125
2026-03-23,412.47894
2026-03-24,421.31702
2026-03-25,424.88278
2026-03-26,421.01025
2026-03-27,413.1576
2026-03-28,419.54477
2026-03-29,410.15552
2026-03-30,420.2632
2026-03-31,403.85538
2026-04-01,419.71835
2026-04-02,415.97372
2026-04-03,418.98682
2026-04-04,424.39523
2026-04-05,421.03482
2026-04-06,415.2687
2026-04-07,417.803
2026-04-08,416.04388
2026-04-09,417.5789
2026-04-10,432.1944
2026-04-11,407.95914
2026-04-12,414.0914
2026-04-13,421.66888
2026-04-14,424.66797
2026-04-15,422.38257
2026-04-16,417.27097
2026-04-17,429.31287
2026-04-18,422.42273
2026-04-19,434.26813
2026-04-20,415.8395
2026-04-21,408.56046
2026-04-22,409.13055
2026-04-23,407.88058
2026-04-24,421.80176
2026-04-25,410.37244
2026-04-26,408.82654
2026-04-27,404.19498
2026-04-28,418.39896
2026-04-29,414.47516
2026-04-30,406.6707
2026-05-01,425.06503
2026-05-02,435.83145
2026-05-03,411.38953
2026-05-04,412.5839
2026-05-05,411.76276
2026-05-06,414.057
2026-05-07,421.10458
2026-05-08,420.42465
2026-05-09,429.88873
2026-05-10,419.77454
2026-05-11,407.40094
2026-05-12,428.80237
2026-05-13,484.01443
2026-05-14,416.72314
2026-05-15,410.27405
2026-05-16,415.66006
2026-05-17,413.6558
2026-05-18,412.22858
2026-05-19,422.23087
2026-05-20,409.0154
2026-05-21,438.69513
2026-05-22,406.91125
2026-05-23,402.86676
2026-05-24,415.57236
2026-05-25,417.32245
2026-05-26,416.58966
2026-05-27,417.5057
2026-05-28,418.13788
2026-05-29,425.45074
2026-05-30,424.11514
2026-05-31,407.1677
2026-06-01,420.1174
2026-06-02,420.47888
2026-06-03,407.0219
2026-06-04,398.47473
2026-06-05,423.54517
2026-06-06,412.4204
2026-06-07,419.4427
2026-06-08,411.9
2026-06-09,420.2149
2026-06-10,416.44962
2026-06-11,423.5772
2026-06-12,420.16757
2026-06-13,422.3275
2026-06-14,423.99805
2026-06-15,410.7525
2026-06-16,416.4707
2026-06-17,411.03745
2026-06-18,410.6896
2026-06-19,420.61725
2026-06-20,429.0523
2026-06-21,409.2789
2026-06-22,416.65018
2026-06-23,405.70193
2026-06-24,425.32498
2026-06-25,419.30206
2026-06-26,426.1385
2026-06-27,411.8138
2026-06-28,418.64932
2026-06-29,415.38422
2026-06-30,424.55072
2026-07-01,418.7248
2026-07-02,410.54636
2026-07-03,417.7037
2026-07-04,417.76108
2026-07-05,429.46
2026-07-06,413.0378
2026-07-07,406.45792
2026-07-08,413.8919
2026-07-09,412.87555
2026-07-10,423.40964
2026-07-11,423.71762
2026-07-12,415.58218
2026-07-13,420.1134
2026-07-14,418.2348
2026-07-15,404.00607
2026-07-16,417.02527
2026-07-17,422.00192
2026-07-18,420.35696
2026-07-19,427.64557
2026-07-20,418.71835
2026-07-21,424.52805
2026-07-22,414.50793
2026-07-23,425.04248
2026-07-24,408.80313
2026-07-25,420.65274
2026-07-26,418.17697
2026-07-27,412.59656
2026-07-28,413.563
2026-07-29,413.37473
2026-07-30,404.58112
2026-07-31,417.0746
2026-08-01,419.2049
2026-08-02,422.9625
2026-08-03,417.09396
2026-08-04,413.69336
2026-08-05,426.70782
2026-08-06,414.44354
2026-08-07,427.66718
2026-08-08,422.3792
2026-08-09,424.8547
2026-08-10,427.22336
2026-08-11,416.88013
2026-08-12,414.35037
2026-08-13,422.87738
2026-08-14,423.05875
2026-08-15,424.1214
2026-08-16,406.53714
2026-08-17,419.82037
2026-08-18,418.89774
2026-08-19,417.4801
2026-08-20,415.69208
2026-08-21,416.44916
2026-08-22,423.86002
2026-08-23,411.66544
2026-08-24,423.3364
2026-08-25,411.86572
2026-08-26,406.92215
2026-08-27,424.20227
2026-08-28,413.79123
2026-08-29,428.38718
2026-08-30,418.1694
2026-08-31,416.59692
2026-09-01,416.3795
2026-09-02,412.18634
2026-09-03,421.65222
2026-09-04,425.5231
2026-09-05,425.34912
2026-09-06,415.65683
2026-09-07,418.22433
2026-09-08,415.5638
2026-09-09,415.3941
2026-09-10,410.43048
2026-09-11,424.18832
2026-09-12,430.93005
2026-09-13,465.13486
2026-09-14,409.5038
2026-09-15,415.6284
2026-09-16,418.8701
2026-09-17,414.21567
2026-09-18,415.872
2026-09-19,409.39267
2026-09-20,416.78458
2026-09-21,418.72467
2026-09-22,430.06403
2026-09-23,411.41754
2026-09-24,428.51807
2026-09-25,415.01132
2026-09-26,425.22018
2026-09-27,419.26987
2026-09-28,426.12634
2026-09-29,413.43915
2026-09-30,417.56113
2026-10-01,415.33856
2026-10-02,420.15665
2026-10-03,416.79047
2026-10-04,417.15878
2026-10-05,414.0266
2026-10-06,420.08688
2026-10-07,405.54825
2026-10-08,400.42758
2026-10-09,421.83746
2026-10-10,415.39276
2026-10-11,415.25812
2026-10-12,418.52588
2026-10-13,420.5746
2026-10-14,422.17615
2026-10-15,416.27432
2026-10-16,415.13025
2026-10-17,412.89166
2026-10-18,420.6844
2026-10-19,422.14685
2026-10-20,410.81564
2026-10-21,428.94833
2026-10-22,412.67523
2026-10-23,420.23315
2026-10-24,409.81076
2026-10-25,420.4587
2026-10-26,413.9215
2026-10-27,417.32242
2026-10-28,417.34058
2026-10-29,409.6718
2026-10-30,421.9085
2026-10-31,415.94882
2026-11-01,421.65997
2026-11-02,416.06873
2026-11-03,415.5272
2026-11-04,429.3346
2026-11-05,384.29556
2026-11-06,404.754
2026-11-07,418.7811
2026-11-08,427.64944
2026-11-09,423.6484
2026-11-10,410.56226
2026-11-11,410.05316
2026-11-12,414.47433
2026-11-13,416.69748
2026-11-14,408.93518
2026-11-15,405.37146
2026-11-16,420.733
2026-11-17,408.96478
2026-11-18,416.06647
2026-11-19,416.3286
2026-11-20,420.63565
2026-11-21,421.68658
2026-11-22,418.71616
2026-11-23,428.145
2026-11-24,420.5755
2026-11-25,425.7087
2026-11-26,425.09875
2026-11-27,416.3395
2026-11-28,423.9801
2026-11-29,414.84323
2026-11-30,420.69217
2026-12-01,417.36166
2026-12-02,413.43427
2026-12-03,404.81595
2026-12-04,407.34756
2026-12-05,423.56583
2026-12-06,425.17203
2026-12-07,421.17395
2026-12-08,409.4322
2026-12-09,411.29395
2026-12-10,417.8471
2026-12-11,428.0917
2026-12-12,418.56763
2026-12-13,420.91104
2026-12-14,406.90372
2026-12-15,421.11618
2026-12-16,408.4538
2026-12-17,408.4369
2026-12-18,414.5005
2026-12-19,407.0152
2026-12-20,411.99075
2026-12-21,418.74203
2026-12-22,411.88818
2026-12-23,409.6715
2026-12-24,424.9923
2026-12-25,419.7453
2026-12-26,412.04028
2026-12-27,429.00412
2026-12-28,417.8061
2026-12-29,415.7201
2026-12-30,415.15103
2026-12-31,414.2436
2027-01-01,414.37167
2027-01-02,423.5634
2027-01-03,419.78137
2027-01-04,425.26706
2027-01-05,419.51813
2027-01-06,416.3166
2027-01-07,417.05643
2027-01-08,414.0922
2027-01-09,415.41467
2027-01-10,444.984
2027-01-11,417.32675
2027-01-12,418.67462
2027-01-13,421.1125
2027-01-14,422.5791
2027-01-15,431.29034
2027-01-16,424.77206
2027-01-17,419.9092
2027-01-18,409.6747
2027-01-19,412.91644
2027-01-20,423.97037
2027-01-21,418.72845
2027-01-22,420.4334
2027-01-23,413.41965
2027-01-24,415.4161
2027-01-25,425.08472
2027-01-26,415.80206
2027-01-27,417.3434
2027-01-28,421.24542
2027-01-29,406.38458
2027-01-30,421.82135
2027-01-31,410.25232
2027-02-01,419.2557
2027-02-02,408.79935
2027-02-03,416.73053
2027-02-04,436.7022
2027-02-05,424.90796
2027-02-06,415.80814
2027-02-07,401.3323
null,422.82098
2026-01-01,417.57895
2026-01-02,420.41895
2026-01-03,408.06754
2026-01-04,420.7193
2026-01-05,406.53714
2026-01-06,426.32956
2026-01-07,425.84958
2026-01-08,417.05524
2026-01-09,414.46057
2026-01-10,425.71295
2026-01-11,407.12042
2026-01-12,424.69846
2026-01-13,417.19632
2026-01-14,426.49875
2026-01-15,418.61813
2026-01-16,416.95908
2026-01-17,421.29068
2026-01-18,412.59622
2026-01-19,428.46616
2026-01-20,419.11606
2026-01-21,415.54132
2026-01-22,418.52222
2026-01-23,416.42078
2026-01-24,406.91727
2026-01-25,415.02762
2026-01-26,424.1672
2026-01-27,409.62665
2026-01-28,418.07733
2026-01-29,411.80988
2026-01-30,421.83307
2026-01-31,406.6048
2026-02-01,420.07462
2026-02-02,414.00677
2026-02-03,418.41052
2026-02-04,415.57648
2026-02-05,413.86435
2026-02-06,412.20047
2026-02-07,404.09637
2026-02-08,416.31012
2026-02-09,418.05383
2026-02-10,405.90604
2026-02-11,410.24927
2026-02-12,418.30527
2026-02-13,415.81113
2026-02-14,403.79968
2026-02-15,411.72006
2026-02-16,408.56506
2026-02-17,425.51233
2026-02-18,414.3192
2026-02-19,419.09305
2026-02-20,403.6628
2026-02-21,422.8548
2026-02-22,431.5514
2026-02-23,428.42197
2026-02-24,416.70886
2026-02-25,409.78476
2026-02-26,413.56894
2026-02-27,413.8422
2026-02-28,411.98547
2026-03-01,413.3506
2026-03-02,419.19562
2026-03-03,420.22363
2026-03-04,417.3277
null,416.04114
2026-01-01,414.3982
2026-01-02,420.97012
2026-01-03,412.8745
2026-01-04,418.4781
2026-01-05,411.1827
2026-01-06,417.78476
2026-01-07,427.56174
2026-01-08,414.80832
2026-01-09,419.571
2026-01-10,414.10977
2026-01-11,418.89395
2026-01-12,404.76276
2026-01-13,424.0771
2026-01-14,415.79324
2026-01-15,417.9892
2026-01-16,408.61703
2026-01-17,414.03217
2026-01-18,421.0754
2026-01-19,426.31897
2026-01-20,420.81152
2026-01-21,416.26978
2026-01-22,422.98065
2026-01-23,420.88403
2026-01-24,415.15295
2026-01-25,413.0721
2026-01-26,416.53992
2026-01-27,413.09766
2026-01-28,409.3645
2026-01-29,414.9539
2026-01-30,419.2642
2026-01-31,421.51944
2026-02-01,426.40567
2026-02-02,419.30948
2026-02-03,415.12732
2026-02-04,413.41388
2026-02-05,423.74423
2026-02-06,421.1449
2026-02-07,424.3904
2026-02-08,407.22937
2026-02-09,414.35736
2026-02-10,415.63635
2026-02-11,419.79025
2026-02-12,417.52408
2026-02-13,405.99222
2026-02-14,417.02548
2026-02-15,410.73453
2026-02-16,423.58774
2026-02-17,418.52524
2026-02-18,427.7047
2026-02-19,422.48373
2026-02-20,416.77914
2026-02-21,413.03244
2026-02-22,419.52637
2026-02-23,418.43497
2026-02-24,416.2979
2026-02-25,434.8573
2026-02-26,406.1296
2026-02-27,422.7971
2026-02-28,419.664
2026-03-01,419.65878
2026-03-02,414.31973
2026-03-03,413.6242
2026-03-04,414.8431
2026-03-05,416.47757
2026-03-06,410.95694
2026-03-07,406.74014
2026-03-08,420.2174
2026-03-09,412.23218
2026-03-10,419.8888
2026-03-11,423.58524
2026-03-12,405.30032
2026-03-13,425.59866
2026-03-14,410.81235
2026-03-15,452.9574
2026-03-16,409.38266
2026-03-17,427.80646
2026-03-18,423.38168
2026-03-19,417.2466
2026-03-20,419.59412
2026-03-21,421.07843
2026-03-22,420.3324
2026-03-23,426.79153
2026-03-24,420.6515
2026-03-25,409.5969
2026-03-26,406.5729
2026-03-27,421.25323
2026-03-28,422.9845
2026-03-29,417.7573
2026-03-30,427.68207
2026-03-31,422.6427
2026-04-01,417.90894
2026-04-02,531.16046
2026-04-03,427.19
2026-04-04,423.36884
2026-04-05,427.47668
2026-04-06,421.84775
2026-04-07,416.21545
2026-04-08,415.09622
2026-04-09,424.45206
2026-04-10,418.9202
2026-04-11,412.89377
2026-04-12,402.99765
2026-04-13,424.84827
2026-04-14,422.22656
2026-04-15,427.45645
2026-04-16,411.18237
2026-04-17,413.83057
2026-04-18,412.84125
2026-04-19,426.333
2026-04-20,421.62875
2026-04-21,421.4786
2026-04-22,411.48602
2026-04-23,414.85062
2026-04-24,417.65955
2026-04-25,418.2383
2026-04-26,422.13718
2026-04-27,416.2697
2026-04-28,414.09192
2026-04-29,426.14233
2026-04-30,417.39154
2026-05-01,419.08917
2026-05-02,417.01956
2026-05-03,416.66904
2026-05-04,423.8573
2026-05-05,412.18945
2026-05-06,415.88107
2026-05-07,412.85202
2026-05-08,416.95892
2026-05-09,426.41602
2026-05-10,414.99072
2026-05-11,424.16672
2026-05-12,411.04767
2026-05-13,407.7091
2026-05-14,419.2216
2026-05-15,426.56732
2026-05-16,500.89682
2026-05-17,422.56268
2026-05-18,414.21188
2026-05-19,417.14224
2026-05-20,420.3616
2026-05-21,415.92703
2026-05-22,416.9123
2026-05-23,407.0528
2026-05-24,412.3908
2026-05-25,421.02948
2026-05-26,416.03336
2026-05-27,411.24484
2026-05-28,460.08124
2026-05-29,409.1851
2026-05-30,415.85654
2026-05-31,417.297
2026-06-01,417.67487
2026-06-02,407.41684
2026-06-03,415.35092
2026-06-04,409.23462
2026-06-05,427.61707
2026-06-06,426.0826
2026-06-07,411.86322
2026-06-08,428.102
2026-06-09,409.1019
2026-06-10,416.72314
2026-06-11,407.59653
2026-06-12,412.67856
2026-06-13,418.583
2026-06-14,419.01886
2026-06-15,422.42496
2026-06-16,413.88336
2026-06-17,417.43228
2026-06-18,410.12253
2026-06-19,411.46774
2026-06-20,418.82507
2026-06-21,425.07028
2026-06-22,417.15985
2026-06-23,419.82822
2026-06-24,410.59302
2026-06-25,428.7368
2026-06-26,416.88342
2026-06-27,414.52783
2026-06-28,430.19757
2026-06-29,422.80545
2026-06-30,420.2897
2026-07-01,419.19568
2026-07-02,600.8435
2026-07-03,418.1134
2026-07-04,420.7346
2026-07-05,417.79694
2026-07-06,415.03647
2026-07-07,431.81754
2026-07-08,418.79773
2026-07-09,413.50568
2026-07-10,425.07104
2026-07-11,415.4918
2026-07-12,420.83112
2026-07-13,415.87424
2026-07-14,420.0771
2026-07-15,413.90216
2026-07-16,422.89725
2026-07-17,429.89935
2026-07-18,423.88187
2026-07-19,420.99298
2026-07-20,424.07205
2026-07-21,427.0362
2026-07-22,414.0897
2026-07-23,424.6814
2026-07-24,419.79324
2026-07-25,411.90765
2026-07-26,412.9437
2026-07-27,424.7386
2026-07-28,416.68576
2026-07-29,421.43082
2026-07-30,420.1873
2026-07-31,424.50424
2026-08-01,422.69583
2026-08-02,419.53928
2026-08-03,415.00223
2026-08-04,422.20694
2026-08-05,426.37457
2026-08-06,417.27432
null,421.64297
2026-01-01,418.32382
2026-01-02,418.06622
2026-01-03,407.9786
2026-01-04,415.13596
2026-01-05,411.98984
2026-01-06,411.9918
2026-01-07,411.7189
2026-01-08,416.97998
2026-01-09,413.37827
2026-01-10,411.1058
2026-01-11,418.04672
2026-01-12,410.6956
2026-01-13,422.47958
2026-01-14,421.18832
2026-01-15,409.96356
2026-01-16,418.35358
2026-01-17,427.528
2026-01-18,524.31396
2026-01-19,419.67728
2026-01-20,413.70752
2026-01-21,414.44272
2026-01-22,409.03647
2026-01-23,410.49014
2026-01-24,424.32556
2026-01-25,412.47806
2026-01-26,417.2796
2026-01-27,416.3157
2026-01-28,418.04114
2026-01-29,409.15158
2026-01-30,431.2389
2026-01-31,420.25226
2026-02-01,414.87448
2026-02-02,412.02527
2026-02-03,410.0828
2026-02-04,418.06766
2026-02-05,421.18842
2026-02-06,425.47885
2026-02-07,412.0128
2026-02-08,425.62442
2026-02-09,414.17044
2026-02-10,418.4538
2026-02-11,430.03027
2026-02-12,412.2916
2026-02-13,419.778
2026-02-14,411.67804
2026-02-15,421.7977
2026-02-16,414.35315
2026-02-17,422.11313
2026-02-18,421.39844
2026-02-19,411.6302
2026-02-20,425.61282
2026-02-21,414.93802
2026-02-22,412.93057
2026-02-23,419.42548
2026-02-24,420.0047
2026-02-25,416.78964
2026-02-26,429.6619
2026-02-27,408.2612
2026-02-28,417.88684
2026-03-01,422.76163
2026-03-02,411.17184
2026-03-03,419.15015
2026-03-04,421.46066
2026-03-05,420.39578
2026-03-06,421.09372
2026-03-07,420.53165
2026-03-08,412.2755
2026-03-09,417.36154
2026-03-10,425.97064
2026-03-11,424.88846
2026-03-12,422.36237
2026-03-13,418.1232
2026-03-14,410.89743
2026-03-15,414.37726
null,415.98834
2026-01-01,411.14444
2026-01-02,417.08173
2026-01-03,413.19745
2026-01-04,419.87582
2026-01-05,418.74744
2026-01-06,423.79172
2026-01-07,423.60034
2026-01-08,439.80347
2026-01-09,412.40118
2026-01-10,403.08102
2026-01-11,428.4257
2026-01-12,414.22137
2026-01-13,409.5454
2026-01-14,417.2819
2026-01-15,410.79544
2026-01-16,425.46396
2026-01-17,415.7739
2026-01-18,418.71924
2026-01-19,427.7947
2026-01-20,416.44955
2026-01-21,411.56116
2026-01-22,404.42548
2026-01-23,428.73163
2026-01-24,398.58246
2026-01-25,416.22934
2026-01-26,433.58926
2026-01-27,408.67963
2026-01-28,404.91214
2026-01-29,424.79996
2026-01-30,412.32373
2026-01-31,408.03262
2026-02-01,415.8923
2026-02-02,413.6512
2026-02-03,426.7221
2026-02-04,417.53006
2026-02-05,409.88315
2026-02-06,408.65695
2026-02-07,419.4082
2026-02-08,428.4927
2026-02-09,420.3733
2026-02-10,427.814
2026-02-11,431.53345
2026-02-12,423.8215
2026-02-13,419.89847
2026-02-14,416.3943
2026-02-15,418.72488
2026-02-16,415.21112
2026-02-17,411.27933
2026-02-18,434.14972
2026-02-19,411.29956
2026-02-20,430.44257
2026-02-21,414.5263
2026-02-22,426.17978
2026-02-23,424.2327
2026-02-24,425.04968
2026-02-25,415.31924
2026-02-26,420.81268
2026-02-27,412.37128
2026-02-28,431.1196
2026-03-01,413.4831
2026-03-02,416.01642
null,410.17926
2026-01-01,411.38693
2026-01-02,418.62695
2026-01-03,427.87296
2026-01-04,416.1151
2026-01-05,410.94986
2026-01-06,412.5515
2026-01-07,423.73676
2026-01-08,417.33536
2026-01-09,409.385
2026-01-10,357.37518
2026-01-11,418.73587
2026-01-12,432.01315
2026-01-13,426.18314
2026-01-14,418.73877
2026-01-15,421.7107
2026-01-16,424.66586
2026-01-17,425.21634
2026-01-18,414.31384
2026-01-19,415.9205
2026-01-20,416.69125
2026-01-21,422.39258
2026-01-22,415.78467
2026-01-23,417.70123
2026-01-24,421.44003
2026-01-25,411.93753
2026-01-26,415.51865
2026-01-27,415.83563
2026-01-28,415.18323
2026-01-29,407.4506
2026-01-30,421.01907
2026-01-31,421.95447
2026-02-01,407.46283
2026-02-02,411.63663
2026-02-03,430.93057
2026-02-04,418.14703
2026-02-05,416.2652
2026-02-06,403.16415
2026-02-07,426.14996
2026-02-08,427.53506
2026-02-09,413.46317
2026-02-10,410.4962
2026-02-11,406.68698
2026-02-12,435.25516
2026-02-13,420.39597
2026-02-14,414.66495
2026-02-15,411.33142
2026-02-16,416.53964
2026-02-17,429.74158
2026-02-18,418.37173
2026-02-19,422.1096
2026-02-20,416.8839
2026-02-21,419.37625
2026-02-22,423.6335
2026-02-23,420.27933
2026-02-24,425.83417
2026-02-25,432.86597
2026-02-26,416.527
2026-02-27,405.3804
2026-02-28,416.39938
2026-03-01,423.1548
2026-03-02,429.46558
2026-03-03,430.71497
2026-03-04,416.72015
2026-03-05,415.0387
2026-03-06,428.16632
2026-03-07,416.52008
2026-03-08,416.3124
2026-03-09,407.72546
2026-03-10,423.8083
2026-03-11,420.20813
2026-03-12,418.776
2026-03-13,295.53552
2026-03-14,424.1619
2026-03-15,419.94104
2026-03-16,418.97342
2026-03-17,406.77655
2026-03-18,410.31537
2026-03-19,428.45117
2026-03-20,414.16986
2026-03-21,412.0919
2026-03-22,407.76678
2026-03-23,422.23764
2026-03-24,416.58835
2026-03-25,424.4955
2026-03-26,416.7826
2026-03-27,408.242
2026-03-28,409.30096
2026-03-29,408.9108
2026-03-30,419.6839
2026-03-31,419.05872
2026-04-01,407.63864
2026-04-02,418.07538
2026-04-03,416.29706
2026-04-04,420.9897
2026-04-05,419.78293
2026-04-06,413.62634
2026-04-07,424.69107
2026-04-08,410.25104
2026-04-09,423.27487
2026-04-10,415.97675
2026-04-11,424.51526
2026-04-12,417.37448
2026-04-13,412.3083
2026-04-14,419.20975
2026-04-15,416.77872
2026-04-16,426.31595
2026-04-17,424.72455
2026-04-18,421.3362
2026-04-19,413.49033
2026-04-20,417.61194
2026-04-21,419.74915
2026-04-22,407.1078
2026-04-23,426.4543
2026-04-24,429.01953
2026-04-25,418.0073
2026-04-26,421.70117
2026-04-27,416.10403
2026-04-28,410.72943
2026-04-29,405.39728
2026-04-30,410.71146
2026-05-01,421.02948
2026-05-02,411.8709
2026-05-03,421.56708
2026-05-04,420.66754
2026-05-05,421.97955
2026-05-06,407.2108
2026-05-07,413.2039
2026-05-08,418.41928
2026-05-09,425.78125
2026-05-10,419.8408
2026-05-11,410.9207
2026-05-12,426.4733
2026-05-13,414.26874
2026-05-14,420.81952
2026-05-15,416.90207
2026-05-16,412.86395
2026-05-17,416.05328
2026-05-18,416.13773
2026-05-19,419.56793
2026-05-20,417.29285
2026-05-21,422.68048
2026-05-22,431.33224
2026-05-23,420.12866
2026-05-24,364.6355
2026-05-25,423.94162
2026-05-26,424.09653
2026-05-27,413.61636
2026-05-28,413.85715
2026-05-29,422.22168
2026-05-30,420.77118
2026-05-31,417.4126
2026-06-01,413.1567
2026-06-02,423.35187
2026-06-03,426.86032
2026-06-04,407.43472
2026-06-05,416.1489
2026-06-06,424.30948
2026-06-07,418.60855
2026-06-08,430.12375
2026-06-09,418.3777
2026-06-10,424.1774
2026-06-11,428.89166
2026-06-12,423.63083
2026-06-13,420.88947
2026-06-14,412.52542
2026-06-15,413.2529
2026-06-16,414.56738
2026-06-17,421.5774
2026-06-18,415.77396
2026-06-19,409.13284
2026-06-20,411.9013
2026-06-21,422.6556
2026-06-22,423.59958
2026-06-23,419.3138
2026-06-24,410.9019
2026-06-25,426.22308
2026-06-26,419.60278
2026-06-27,415.92865
2026-06-28,415.55276
2026-06-29,404.08295
2026-06-30,410.91727
2026-07-01,415.36353
2026-07-02,418.5579
2026-07-03,424.1635
2026-07-04,419.88593
2026-07-05,413.18036
2026-07-06,424.27258
2026-07-07,415.05634
2026-07-08,419.6519
2026-07-09,414.6135
2026-07-10,415.47952
2026-07-11,408.02292
2026-07-12,426.96375
2026-07-13,429.62238
2026-07-14,412.60104
2026-07-15,408.42532
2026-07-16,421.9496
2026-07-17,402.72098
2026-07-18,426.6005
2026-07-19,416.17648
2026-07-20,410.05942
2026-07-21,415.04562
2026-07-22,411.4804
2026-07-23,411.5992
2026-07-24,416.87036
2026-07-25,409.62115
2026-07-26,416.80884
2026-07-27,414.89117
2026-07-28,418.81424
2026-07-29,417.85928
2026-07-30,416.32922
2026-07-31,429.60333
2026-08-01,416.0923
2026-08-02,419.87653
2026-08-03,426.43536
2026-08-04,411.89075
2026-08-05,414.65634
2026-08-06,409.30838
2026-08-07,419.502
2026-08-08,420.1638
2026-08-09,419.0361
2026-08-10,417.95987
2026-08-11,411.6983
2026-08-12,420.86832
2026-08-13,419.35602
2026-08-14,330.29135
2026-08-15,425.3738
2026-08-16,417.5859
2026-08-17,416.0479
2026-08-18,417.59067
2026-08-19,417.74924
2026-08-20,425.32578
2026-08-21,412.9969
2026-08-22,418.06506
2026-08-23,414.90955
2026-08-24,415.2047
2026-08-25,410.50302
2026-08-26,420.49963
2026-08-27,411.40997
2026-08-28,414.35464
2026-08-29,429.01102
2026-08-30,393.2904
2026-08-31,423.29443
2026-09-01,421.7137
2026-09-02,417.06042
2026-09-03,422.50244
2026-09-04,422.26685
2026-09-05,416.3436
2026-09-06,412.58725
2026-09-07,403.48828
2026-09-08,417.90958
2026-09-09,416.66318
2026-09-10,411.94394
2026-09-11,417.82373
2026-09-12,416.23007
2026-09-13,420.44342
2026-09-14,421.55295
2026-09-15,414.43002
2026-09-16,429.89005
2026-09-17,415.88208
2026-09-18,409.00653
2026-09-19,423.88058
2026-09-20,415.99158
2026-09-21,416.60608
2026-09-22,419.71985
2026-09-23,419.75455
2026-09-24,430.847
2026-09-25,424.0247
2026-09-26,405.8708
2026-09-27,426.87943
2026-09-28,418.75034
2026-09-29,420.14066
2026-09-30,417.27982
2026-10-01,420.5978
2026-10-02,413.512
2026-10-03,415.29352
2026-10-04,422.20352
2026-10-05,405.6854
2026-10-06,425.17395
2026-10-07,420.526
2026-10-08,410.00302
2026-10-09,409.19724
2026-10-10,415.51544
2026-10-11,423.36853
2026-10-12,414.57837
2026-10-13,412.8992
2026-10-14,431.12805
2026-10-15,420.87357
2026-10-16,419.73557
2026-10-17,411.1004
2026-10-18,421.10873
2026-10-19,423.71133
2026-10-20,421.11563
2026-10-21,426.91608
2026-10-22,414.25262
2026-10-23,418.34558
2026-10-24,418.08633
2026-10-25,422.4774
2026-10-26,416.48007
2026-10-27,413.19196
2026-10-28,419.11093
2026-10-29,406.1387
2026-10-30,412.08685
2026-10-31,407.4368
2026-11-01,432.2592
2026-11-02,419.0297
2026-11-03,409.8676
2026-11-04,414.82462
2026-11-05,421.06012
2026-11-06,420.15323
2026-11-07,422.93454
2026-11-08,425.30264
2026-11-09,419.771
2026-11-10,411.86172
2026-11-11,417.2492
2026-11-12,409.17426
2026-11-13,414.58194
2026-11-14,427.96252
2026-11-15,417.13187
2026-11-16,413.2004
2026-11-17,425.36014
2026-11-18,407.77454
null,421.51575
2026-01-01,436.93106
2026-01-02,416.4026
2026-01-03,421.22025
2026-01-04,414.74152
2026-01-05,417.44876
2026-01-06,423.221
2026-01-07,496.0244
2026-01-08,415.33264
2026-01-09,410.33054
2026-01-10,428.82507
2026-01-11,423.76028
2026-01-12,424.40945
2026-01-13,416.82346
2026-01-14,422.31628
2026-01-15,418.8764
2026-01-16,418.5806
2026-01-17,421.03574
2026-01-18,423.2632
2026-01-19,410.4884
2026-01-20,418.34244
2026-01-21,428.33493
2026-01-22,413.94092
2026-01-23,424.89197
2026-01-24,420.9137
2026-01-25,402.79953
2026-01-26,408.99777
2026-01-27,413.18695
2026-01-28,415.4968
2026-01-29,426.083
2026-01-30,421.53168
2026-01-31,411.73752
2026-02-01,347.11316
2026-02-02,427.94287
2026-02-03,411.0922
2026-02-04,415.6572
2026-02-05,411.44922
2026-02-06,420.64508
2026-02-07,419.66522
2026-02-08,413.67334
2026-02-09,416.22943
2026-02-10,415.13065
2026-02-11,422.2814
2026-02-12,415.89417
2026-02-13,425.4635
2026-02-14,428.5273
2026-02-15,414.6498
2026-02-16,418.50745
2026-02-17,424.89716
2026-02-18,414.82104
2026-02-19,412.9071
2026-02-20,422.7173
2026-02-21,416.60477
2026-02-22,428.06006
2026-02-23,410.97
2026-02-24,407.16135
2026-02-25,417.14618
2026-02-26,407.88925
2026-02-27,419.89572
2026-02-28,410.5322
2026-03-01,424.5799
2026-03-02,403.44327
2026-03-03,412.8084
2026-03-04,418.39566
2026-03-05,410.26285
2026-03-06,422.67267
2026-03-07,419.74976
2026-03-08,416.4174
2026-03-09,404.39914
2026-03-10,418.3104
2026-03-11,410.80362
2026-03-12,418.61734
2026-03-13,411.58423
2026-03-14,424.6161
2026-03-15,415.75818
2026-03-16,415.77032
2026-03-17,421.63986
2026-03-18,413.33228
2026-03-19,422.71384
2026-03-20,421.48392
2026-03-21,418.63284
2026-03-22,411.3214
2026-03-23,420.79675
2026-03-24,413.50717
2026-03-25,419.35718
2026-03-26,428.78024
2026-03-27,424.21753
2026-03-28,419.9365
2026-03-29,421.0861
2026-03-30,418.88425
2026-03-31,425.90063
2026-04-01,457.9558
2026-04-02,407.2322
2026-04-03,405.6117
2026-04-04,413.81476
2026-04-05,433.36316
2026-04-06,413.45825
2026-04-07,426.11813
2026-04-08,414.45312
2026-04-09,430.422
2026-04-10,407.8898
2026-04-11,419.64606
2026-04-12,426.7871
2026-04-13,430.16592
2026-04-14,416.01355
2026-04-15,413.88306
2026-04-16,403.95163
2026-04-17,406.5165
2026-04-18,419.91168
2026-04-19,420.16653
2026-04-20,429.63345
2026-04-21,417.637
2026-04-22,422.27768
null,414.40475
2026-01-01,424.50937
2026-01-02,413.82272
2026-01-03,422.58722
2026-01-04,414.32083
2026-01-05,423.7865
2026-01-06,414.2466
2026-01-07,417.3886
2026-01-08,413.7983
2026-01-09,414.44083
2026-01-10,408.93915
2026-01-11,415.5129
2026-01-12,413.00937
2026-01-13,414.51428
2026-01-14,407.3214
2026-01-15,422.5801
2026-01-16,418.11813
2026-01-17,407.7865
2026-01-18,420.9302
2026-01-19,419.07028
2026-01-20,395.4073
2026-01-21,424.43015
2026-01-22,421.23578
2026-01-23,420.00302
2026-01-24,415.69373
2026-01-25,424.08795
2026-01-26,419.86856
2026-01-27,419.9314
2026-01-28,416.56754
2026-01-29,418.94968
2026-01-30,412.02518
2026-01-31,410.01566
2026-02-01,411.97736
2026-02-02,426.33606
2026-02-03,425.93365
2026-02-04,410.60696
2026-02-05,418.51468
2026-02-06,419.47696
2026-02-07,417.00702
2026-02-08,419.15704
2026-02-09,414.06027
2026-02-10,418.536
2026-02-11,412.20886
2026-02-12,428.16608
2026-02-13,408.73563
2026-02-14,414.6118
2026-02-15,417.9989
2026-02-16,419.7921
2026-02-17,413.84454
2026-02-18,419.1132
2026-02-19,413.972
2026-02-20,418.89523
2026-02-21,429.51752
2026-02-22,409.2111
2026-02-23,413.1515
2026-02-24,413.03967
2026-02-25,417.29254
2026-02-26,404.63803
2026-02-27,417.42282
2026-02-28,435.13657
2026-03-01,411.72293
2026-03-02,407.1984
2026-03-03,419.62488
2026-03-04,422.09128
2026-03-05,422.94016
2026-03-06,418.8774
2026-03-07,420.37274
2026-03-08,419.6583
2026-03-09,428.55508
2026-03-10,429.6793
2026-03-11,421.5079
2026-03-12,413.38443
2026-03-13,419.0028
2026-03-14,435.66656
2026-03-15,416.03378
null,418.0724
2026-01-01,416.2401
2026-01-02,414.6877
2026-01-03,416.68018
2026-01-04,424.52423
2026-01-05,417.18567
2026-01-06,408.38916
2026-01-07,418.17468
2026-01-08,413.21365
2026-01-09,419.43228
2026-01-10,426.5417
2026-01-11,406.07672
2026-01-12,417.3982
2026-01-13,409.93793
2026-01-14,415.93655
2026-01-15,420.28003
2026-01-16,426.18558
2026-01-17,422.6909
2026-01-18,413.69287
2026-01-19,414.4979
2026-01-20,422.29178
2026-01-21,433.45126
2026-01-22,410.3505
2026-01-23,406.3256
2026-01-24,410.77542
2026-01-25,422.9405
2026-01-26,409.4527
2026-01-27,417.65915
2026-01-28,425.53772
2026-01-29,418.44055
2026-01-30,414.8946
2026-01-31,416.67627
2026-02-01,414.44376
2026-02-02,408.7736
2026-02-03,425.23654
2026-02-04,419.92923
2026-02-05,419.0363
2026-02-06,402.2356
2026-02-07,427.48636
2026-02-08,417.2225
2026-02-09,418.7426
2026-02-10,415.9034
2026-02-11,415.53687
2026-02-12,419.36496
2026-02-13,408.05426
2026-02-14,408.97293
2026-02-15,411.7747
2026-02-16,411.6129
2026-02-17,417.3404
2026-02-18,417.9842
2026-02-19,417.52036
2026-02-20,402.92004
2026-02-21,425.40436
2026-02-22,412.0149
2026-02-23,424.15103
2026-02-24,431.4518
2026-02-25,428.08676
2026-02-26,428.0618
2026-02-27,405.73184
2026-02-28,419.27618
2026-03-01,411.79248
2026-03-02,420.47415
2026-03-03,421.9626
2026-03-04,427.4729
2026-03-05,416.72266
2026-03-06,408.7709
2026-03-07,404.2263
2026-03-08,408.81396
2026-03-09,428.05515
2026-03-10,424.63083
2026-03-11,406.66235
2026-03-12,418.80804
2026-03-13,416.33078
2026-03-14,422.70102
2026-03-15,420.73596
2026-03-16,411.6566
2026-03-17,417.38776
2026-03-18,425.17722
2026-03-19,415.25165
2026-03-20,419.86005
2026-03-21,425.7374
2026-03-22,421.25485
2026-03-23,419.43964
2026-03-24,424.40366
2026-03-25,429.43347
2026-03-26,423.05414
2026-03-27,411.2998
2026-03-28,418.4496
2026-03-29,408.47098
2026-03-30,423.29074
2026-03-31,418.094
2026-04-01,422.3702
2026-04-02,417.14096
2026-04-03,415.39328
2026-04-04,420.32465
2026-04-05,419.28073
2026-04-06,410.06528
2026-04-07,426.31226
2026-04-08,424.84134
2026-04-09,416.56635
2026-04-10,413.1099
2026-04-11,417.24298
2026-04-12,425.8819
2026-04-13,416.29153
2026-04-14,414.1649
2026-04-15,426.6033
2026-04-16,414.89795
2026-04-17,418.7746
2026-04-18,420.48126
2026-04-19,416.69836
2026-04-20,415.63095
2026-04-21,414.46756
2026-04-22,425.30023
2026-04-23,407.86633
2026-04-24,406.76404
2026-04-25,423.68045
2026-04-26,413.85507
2026-04-27,421.46652
2026-04-28,422.64987
2026-04-29,425.0544
2026-04-30,410.9678
2026-05-01,429.67346
2026-05-02,405.8815
2026-05-03,412.6346
2026-05-04,427.54626
2026-05-05,411.659
2026-05-06,426.646
2026-05-07,420.1998
2026-05-08,417.03342
2026-05-09,411.95493
2026-05-10,428.27298
2026-05-11,419.61996
2026-05-12,419.442
2026-05-13,413.16733
2026-05-14,415.89233
2026-05-15,411.69662
2026-05-16,426.0476
2026-05-17,421.37955
2026-05-18,431.111
2026-05-19,425.69864
2026-05-20,419.9189
2026-05-21,413.3267
2026-05-22,413.24893
2026-05-23,406.97217
2026-05-24,424.11163
2026-05-25,408.47305
2026-05-26,413.8623
2026-05-27,420.44504
2026-05-28,416.53543
2026-05-29,420.13483
2026-05-30,417.90723
2026-05-31,419.35098
2026-06-01,421.17627
2026-06-02,420.2883
2026-06-03,411.67297
2026-06-04,413.79465
2026-06-05,410.5815
2026-06-06,418.30948
2026-06-07,417.13785
2026-06-08,408.03284
2026-06-09,411.97052
2026-06-10,415.86066
2026-06-11,431.49103
2026-06-12,495.6429
2026-06-13,427.3555
2026-06-14,436.7507
2026-06-15,421.31625
2026-06-16,417.7192
2026-06-17,411.04175
2026-06-18,421.5128
2026-06-19,419.81305
2026-06-20,406.25568
2026-06-21,410.36096
2026-06-22,421.4734
2026-06-23,409.44495
2026-06-24,415.21808
2026-06-25,431.81244
2026-06-26,417.5212
2026-06-27,430.6296
2026-06-28,409.7735
2026-06-29,419.7389
2026-06-30,420.6456
2026-07-01,419.81937
2026-07-02,411.76282
2026-07-03,412.2732
2026-07-04,412.26855
2026-07-05,416.86377
2026-07-06,415.39944
2026-07-07,411.5037
2026-07-08,419.03845
2026-07-09,414.24042
2026-07-10,426.01392
2026-07-11,424.3106
2026-07-12,415.10928
2026-07-13,418.67465
2026-07-14,417.40515
2026-07-15,430.22562
2026-07-16,410.8881
2026-07-17,422.8784
2026-07-18,416.17532
2026-07-19,402.2744
2026-07-20,416.6362
2026-07-21,400.86484
2026-07-22,417.93298
2026-07-23,418.64926
2026-07-24,428.68262
2026-07-25,421.1191
2026-07-26,421.2947
2026-07-27,415.31458
2026-07-28,409.02158
2026-07-29,427.31262
2026-07-30,406.70453
2026-07-31,473.62036
2026-08-01,412.47156
2026-08-02,409.9938
2026-08-03,404.7522
2026-08-04,427.16946
2026-08-05,418.33633
2026-08-06,420.74142
2026-08-07,418.28403
2026-08-08,406.14316
2026-08-09,423.1747
2026-08-10,409.18457
2026-08-11,430.69766
2026-08-12,410.9803
2026-08-13,415.37387
2026-08-14,419.04166
2026-08-15,419.1361
2026-08-16,409.8041
2026-08-17,410.79022
2026-08-18,412.3885
2026-08-19,423.5334
2026-08-20,421.07968
2026-08-21,427.33533
2026-08-22,418.4423
2026-08-23,418.4861
2026-08-24,405.71896
2026-08-25,412.90927
2026-08-26,411.8484
2026-08-27,417.8495
2026-08-28,427.7053
2026-08-29,416.40027
2026-08-30,410.9242
2026-08-31,418.05658
2026-09-01,422.10242
2026-09-02,412.9906
2026-09-03,410.0609
2026-09-04,429.3647
2026-09-05,417.20633
2026-09-06,415.66342
2026-09-07,416.65405
2026-09-08,412.04395
2026-09-09,422.95682
2026-09-10,422.45483
2026-09-11,419.96262
2026-09-12,418.54065
2026-09-13,417.96042
2026-09-14,418.8427
2026-09-15,405.81033
2026-09-16,425.88043
2026-09-17,421.4774
2026-09-18,413.35706
2026-09-19,406.73016
2026-09-20,410.9711
2026-09-21,430.1501
2026-09-22,417.98962
2026-09-23,412.29285
2026-09-24,412.82874
2026-09-25,421.20358
2026-09-26,416.54495
2026-09-27,410.02878
2026-09-28,409.9287
2026-09-29,422.53418
2026-09-30,416.02988
2026-10-01,427.1385
2026-10-02,412.0456
2026-10-03,414.65823
2026-10-04,416.31317
2026-10-05,416.4639
2026-10-06,422.06354
2026-10-07,416.5482
