2026-01-01,145.89
null,150.14565
2026-01-01,139.63593
2026-01-02,137.82391
2026-01-03,137.83833
2026-01-04,139.57092
2026-01-05,134.84319
2026-01-06,135.3963
2026-01-07,139.97025
2026-01-08,137.36418
2026-01-09,134.26918
2026-01-10,137.60841
2026-01-11,134.37137
2026-01-12,133.25919
2026-01-13,132.17589
2026-01-14,126.25069
2026-01-15,127.02016
2026-01-16,124.11495
2026-01-17,155.60037
2026-01-18,162.48544
2026-01-19,148.14247
2026-01-20,141.6022
2026-01-21,155.97166
2026-01-22,153.88313
2026-01-23,162.44186
2026-01-24,158.95377
2026-01-25,163.91022
2026-01-26,158.07785
2026-01-27,168.33034
2026-01-28,165.90019
2026-01-29,172.20174
2026-01-30,168.73723
2026-01-31,173.0643
2026-02-01,162.7605
2026-02-02,159.44681
2026-02-03,163.34595
2026-02-04,164.46594
2026-02-05,168.48833
2026-02-06,170.89754
2026-02-07,169.45308
2026-02-08,172.47726
2026-02-09,172.63193
2026-02-10,174.343
2026-02-11,174.84045
2026-02-12,174.58795
2026-02-13,179.23073
2026-02-14,174.81174
2026-02-15,179.52592
2026-02-16,181.03052
2026-02-17,174.32874
2026-02-18,181.19128
2026-02-19,180.01997
2026-02-20,175.26253
2026-02-21,161.33723
2026-02-22,155.37938
2026-02-23,158.89404
2026-02-24,149.77353
2026-02-25,152.141
2026-02-26,152.07341
2026-02-27,148.4269
2026-02-28,152.46063
2026-03-01,142.23013
2026-03-02,144.06183
2026-03-03,145.01352
2026-03-04,141.36995
2026-03-05,146.09805
2026-03-06,145.69734
2026-03-07,142.62506
2026-03-08,143.90091
2026-03-09,137.44252
2026-03-10,144.1847
2026-03-11,153.58282
2026-03-12,145.65723
2026-03-13,148.56369
2026-03-14,147.67316
2026-03-15,144.12782
2026-03-16,144.3048
2026-03-17,149.2475
2026-03-18,142.83002
2026-03-19,139.58885
2026-03-20,138.33214
2026-03-21,136.40695
2026-03-22,140.23262
2026-03-23,145.17003
2026-03-24,141.75307
2026-03-25,128.76004
2026-03-26,126.25803
2026-03-27,113.78334
2026-03-28,109.57582
2026-03-29,106.69453
2026-03-30,119.6365
2026-03-31,123.23648
2026-04-01,122.28334
2026-04-02,113.90004
2026-04-03,120.34404
2026-04-04,121.68559
2026-04-05,126.43755
2026-04-06,121.74306
2026-04-07,122.30527
2026-04-08,120.4508
2026-04-09,125.944466
2026-04-10,132.00516
2026-04-11,149.02747
2026-04-12,145.77333
2026-04-13,147.35283
2026-04-14,139.60829
2026-04-15,139.56596
2026-04-16,129.39456
2026-04-17,128.40816
2026-04-18,133.78445
2026-04-19,132.23483
2026-04-20,134.19685
2026-04-21,130.98093
2026-04-22,144.71863
2026-04-23,150.98366
2026-04-24,150.65318
2026-04-25,147.90057
2026-04-26,163.01244
2026-04-27,160.72572
2026-04-28,160.38614
2026-04-29,162.21852
2026-04-30,172.61575
2026-05-01,174.3859
2026-05-02,161.77896
2026-05-03,151.14351
2026-05-04,163.4758
2026-05-05,173.37936
2026-05-06,165.61473
2026-05-07,172.11781
2026-05-08,169.84285
2026-05-09,164.33774
2026-05-10,184.83846
2026-05-11,194.46097
2026-05-12,190.43835
2026-05-13,195.98787
2026-05-14,195.60625
2026-05-15,190.35788
2026-05-16,188.9607
2026-05-17,188.82425
2026-05-18,187.92609
2026-05-19,177.07275
2026-05-20,170.07501
2026-05-21,172.75488
2026-05-22,164.53215
2026-05-23,178.3339
2026-05-24,174.07275
2026-05-25,177.19098
2026-05-26,161.61691
2026-05-27,161.4483
2026-05-28,152.66852
2026-05-29,145.54756
2026-05-30,141.07999
2026-05-31,129.8509
2026-06-01,125.67053
2026-06-02,130.6541
2026-06-03,131.48746
2026-06-04,129.33194
2026-06-05,127.36228
2026-06-06,129.82874
2026-06-07,130.13266
2026-06-08,123.84364
2026-06-09,128.72865
2026-06-10,133.39684
2026-06-11,127.59795
2026-06-12,126.252594
2026-06-13,110.54308
2026-06-14,114.52256
2026-06-15,115.51661
2026-06-16,108.48912
2026-06-17,107.46265
2026-06-18,105.43252
2026-06-19,103.61126
2026-06-20,102.417564
2026-06-21,94.054665
2026-06-22,90.91871
2026-06-23,96.44621
2026-06-24,92.71125
2026-06-25,99.01184
2026-06-26,103.31308
2026-06-27,106.874084
2026-06-28,108.0752
2026-06-29,108.22956
2026-06-30,113.11045
2026-07-01,106.98292
2026-07-02,111.06245
2026-07-03,113.83857
2026-07-04,118.87153
2026-07-05,118.21629
2026-07-06,113.54122
2026-07-07,109.9242
2026-07-08,109.56269
2026-07-09,111.670784
2026-07-10,112.25021
2026-07-11,124.06583
2026-07-12,124.56244
2026-07-13,123.211296
2026-07-14,121.57922
2026-07-15,117.50604
2026-07-16,119.53073
2026-07-17,118.554
2026-07-18,119.619415
2026-07-19,124.91281
2026-07-20,126.34933
2026-07-21,127.68789
2026-07-22,120.38095
2026-07-23,119.391426
2026-07-24,124.25234
2026-07-25,134.97597
2026-07-26,135.4679
2026-07-27,128.0272
2026-07-28,121.16869
2026-07-29,120.66738
2026-07-30,119.297874
2026-07-31,119.27968
2026-08-01,118.408035
2026-08-02,113.98593
2026-08-03,106.18084
2026-08-04,99.28586
2026-08-05,97.04842
2026-08-06,96.91829
2026-08-07,99.6313
2026-08-08,102.1117
2026-08-09,104.22035
2026-08-10,96.739044
2026-08-11,98.46262
2026-08-12,97.92037
2026-08-13,103.25014
2026-08-14,106.89913
2026-08-15,110.682846
2026-08-16,111.88932
2026-08-17,111.59088
2026-08-18,110.84586
2026-08-19,112.24442
2026-08-20,118.57683
2026-08-21,126.17457
2026-08-22,128.12646
2026-08-23,125.18508
2026-08-24,121.52152
2026-08-25,124.56095
2026-08-26,126.749626
2026-08-27,129.68324
2026-08-28,128.85078
2026-08-29,129.35728
2026-08-30,132.39618
2026-08-31,132.32785
2026-09-01,140.55661
2026-09-02,138.00331
2026-09-03,134.30112
2026-09-04,133.4529
2026-09-05,134.77419
2026-09-06,137.97943
2026-09-07,135.02003
2026-09-08,132.01752
2026-09-09,130.6319
2026-09-10,158.06775
2026-09-11,167.03014
2026-09-12,171.61003
2026-09-13,171.38557
2026-09-14,168.1928
2026-09-15,171.41527
2026-09-16,181.26418
2026-09-17,179.23381
2026-09-18,180.37276
2026-09-19,176.14925
2026-09-20,187.15225
2026-09-21,185.80112
2026-09-22,192.35196
2026-09-23,200.0691
2026-09-24,199.32472
2026-09-25,207.69739
2026-09-26,212.61192
2026-09-27,218.22499
2026-09-28,220.08478
2026-09-29,216.654
2026-09-30,217.89174
2026-10-01,229.75404
2026-10-02,217.51028
2026-10-03,214.20076
2026-10-04,220.9696
2026-10-05,226.62881
2026-10-06,231.45694
2026-10-07,235.1027
2026-10-08,238.48004
2026-10-09,218.46397
2026-10-10,203.60059
2026-10-11,213.24767
2026-10-12,204.67569
2026-10-13,206.6851
2026-10-14,205.81227
2026-10-15,217.61542
2026-10-16,217.76273
2026-10-17,214.94127
2026-10-18,228.47884
2026-10-19,228.86208
2026-10-20,243.08414
2026-10-21,256.38232
2026-10-22,258.99725
2026-10-23,262.2063
2026-10-24,263.8514
2026-10-25,264.03113
2026-10-26,258.012
2026-10-27,277.71094
2026-10-28,296.0587
2026-10-29,294.3579
2026-10-30,310.47372
2026-10-31,306.6378
2026-11-01,294.33038
2026-11-02,294.03244
2026-11-03,276.54822
2026-11-04,273.64062
2026-11-05,264.31387
2026-11-06,267.92108
2026-11-07,262.90784
2026-11-08,281.01147
2026-11-09,283.84335
2026-11-10,297.56104
2026-11-11,307.01187
2026-11-12,305.05817
2026-11-13,313.5468
2026-11-14,323.41
2026-11-15,329.4216
2026-11-16,355.04907
2026-11-17,362.2886
2026-11-18,389.32806
2026-11-19,400.15894
2026-11-20,417.30444
2026-11-21,414.36694
2026-11-22,405.23065
2026-11-23,414.40768
2026-11-24,416.29822
2026-11-25,427.64212
2026-11-26,422.26712
2026-11-27,435.90457
2026-11-28,431.65097
2026-11-29,441.717
2026-11-30,424.92508
2026-12-01,429.44095
2026-12-02,425.11575
2026-12-03,419.47858
2026-12-04,413.90872
2026-12-05,432.9029
2026-12-06,437.75015
2026-12-07,446.5866
2026-12-08,443.99283
2026-12-09,436.6185
2026-12-10,434.42816
2026-12-11,416.67725
2026-12-12,386.86835
2026-12-13,397.93887
2026-12-14,386.31848
2026-12-15,379.7449
2026-12-16,386.0656
2026-12-17,367.53955
2026-12-18,351.54504
2026-12-19,353.02264
2026-12-20,361.2396
2026-12-21,369.28934
2026-12-22,363.66382
2026-12-23,376.59286
2026-12-24,382.63937
2026-12-25,384.3071
2026-12-26,404.3769
2026-12-27,383.02878
2026-12-28,396.3463
2026-12-29,409.6972
2026-12-30,427.59882
2026-12-31,423.46933
2027-01-01,460.4971
2027-01-02,490.98245
2027-01-03,496.0525
2027-01-04,502.06003
2027-01-05,536.74255
2027-01-06,556.5797
2027-01-07,543.54
2027-01-08,559.12274
2027-01-09,562.3731
2027-01-10,576.5124
2027-01-11,615.6176
2027-01-12,632.72626
2027-01-13,611.2722
2027-01-14,542.44183
2027-01-15,544.7145
2027-01-16,544.25006
2027-01-17,561.1732
2027-01-18,519.118
2027-01-19,526.22504
2027-01-20,508.62344
2027-01-21,492.91638
2027-01-22,503.69907
2027-01-23,547.7115
2027-01-24,566.5539
2027-01-25,590.2737
2027-01-26,573.9102
2027-01-27,573.664
2027-01-28,531.5935
2027-01-29,564.75653
2027-01-30,568.73773
2027-01-31,570.6503
2027-02-01,603.1386
2027-02-02,611.27637
2027-02-03,647.83673
2027-02-04,715.3779
2027-02-05,698.6219
2027-02-06,697.5774
2027-02-07,705.3592
2027-02-08,690.26483
2027-02-09,779.5906
2027-02-10,763.39056
2027-02-11,776.2344
2027-02-12,769.45435
2027-02-13,699.43945
2027-02-14,714.47394
2027-02-15,635.2687
2027-02-16,617.984
2027-02-17,632.4512
2027-02-18,631.6312
2027-02-19,673.7483
2027-02-20,717.3855
2027-02-21,717.87665
2027-02-22,697.86383
2027-02-23,700.37885
2027-02-24,632.5771
2027-02-25,650.7524
2027-02-26,647.6516
2027-02-27,685.78705
2027-02-28,666.18634
2027-03-01,684.9695
2027-03-02,712.48206
2027-03-03,725.93317
2027-03-04,772.6442
2027-03-05,824.5641
2027-03-06,823.3021
2027-03-07,849.8669
2027-03-08,883.5273
2027-03-09,858.80725
2027-03-10,801.0894
2027-03-11,757.35846
2027-03-12,733.7494
2027-03-13,753.5048
2027-03-14,787.102
2027-03-15,831.1227
2027-03-16,795.06305
2027-03-17,702.5721
2027-03-18,683.62885
2027-03-19,680.02167
2027-03-20,677.94714
2027-03-21,667.6426
2027-03-22,659.24
2027-03-23,674.058
2027-03-24,727.1553
2027-03-25,715.999
2027-03-26,681.6269
2027-03-27,795.9846
2027-03-28,783.5681
2027-03-29,726.1347
2027-03-30,731.4499
2027-03-31,705.823
2027-04-01,650.9487
2027-04-02,654.30444
2027-04-03,661.54004
2027-04-04,806.18054
2027-04-05,822.9111
2027-04-06,872.2321
2027-04-07,773.31537
2027-04-08,807.5421
2027-04-09,795.7814
2027-04-10,803.33966
2027-04-11,777.5427
2027-04-12,770.62775
2027-04-13,788.00464
2027-04-14,800.26654
2027-04-15,819.6138
2027-04-16,829.9617
2027-04-17,798.479
2027-04-18,785.0935
2027-04-19,800.86346
2027-04-20,821.07135
2027-04-21,825.2193
2027-04-22,814.34717
2027-04-23,816.5395
2027-04-24,804.4474
2027-04-25,794.0017
2027-04-26,850.69464
2027-04-27,892.4084
2027-04-28,929.30786
2027-04-29,933.58344
2027-04-30,932.9071
2027-05-01,926.03125
2027-05-02,889.3064
2027-05-03,923.3398
2027-05-04,933.53955
2027-05-05,1033.5579
2027-05-06,1004.36536
2027-05-07,974.5545
2027-05-08,942.7825
2027-05-09,921.9639
2027-05-10,942.3768
2027-05-11,933.3715
2027-05-12,957.0835
2027-05-13,977.5092
2027-05-14,1009.88434
2027-05-15,991.2358
2027-05-16,932.7934
2027-05-17,946.01385
2027-05-18,948.5237
2027-05-19,970.7521
2027-05-20,954.9138
2027-05-21,998.65393
2027-05-22,1043.6569
2027-05-23,1052.245
2027-05-24,1084.9305
2027-05-25,1045.4459
2027-05-26,1101.6276
2027-05-27,1083.4769
2027-05-28,999.51996
2027-05-29,1018.8088
2027-05-30,1045.1119
2027-05-31,1057.3766
2027-06-01,1055.7166
2027-06-02,995.61804
2027-06-03,936.6503
2027-06-04,932.2418
2027-06-05,937.4831
2027-06-06,946.12665
2027-06-07,877.65497
2027-06-08,927.89496
2027-06-09,939.1886
2027-06-10,956.1479
2027-06-11,912.63257
2027-06-12,874.2823
2027-06-13,853.54144
2027-06-14,874.6824
2027-06-15,836.2427
2027-06-16,861.67773
2027-06-17,863.2863
2027-06-18,850.71075
2027-06-19,826.08093
2027-06-20,805.4841
2027-06-21,833.6855
2027-06-22,823.09644
2027-06-23,912.6101
2027-06-24,1023.22284
2027-06-25,1009.4473
2027-06-26,1032.7677
2027-06-27,1065.796
2027-06-28,1173.1873
2027-06-29,1130.5435
2027-06-30,1104.4164
2027-07-01,1037.3589
2027-07-02,1050.4194
2027-07-03,1097.1422
2027-07-04,1155.3989
2027-07-05,1204.4946
2027-07-06,1161.052
2027-07-07,1153.723
2027-07-08,1100.8512
2027-07-09,1108.5757
2027-07-10,1120.9305
2027-07-11,1063.477
2027-07-12,866.77203
2027-07-13,889.4063
2027-07-14,869.03326
2027-07-15,861.4491
2027-07-16,830.4166
2027-07-17,824.5763
2027-07-18,823.5825
2027-07-19,852.3168
2027-07-20,817.72644
2027-07-21,769.7393
2027-07-22,751.4267
2027-07-23,743.69354
2027-07-24,719.90094
2027-07-25,775.4951
2027-07-26,729.30176
2027-07-27,729.7029
2027-07-28,688.00446
2027-07-29,690.3412
2027-07-30,673.7034
2027-07-31,652.5408
2027-08-01,645.7846
2027-08-02,649.18054
2027-08-03,651.8643
2027-08-04,630.4626
2027-08-05,669.4806
2027-08-06,656.43353
2027-08-07,652.7677
2027-08-08,679.91095
2027-08-09,652.60144
2027-08-10,628.0947
2027-08-11,604.0603
2027-08-12,578.77783
2027-08-13,593.57794
2027-08-14,586.90485
2027-08-15,573.09094
2027-08-16,567.46375
2027-08-17,555.2513
2027-08-18,572.5512
2027-08-19,576.00464
2027-08-20,556.6867
2027-08-21,543.51917
2027-08-22,567.4767
2027-08-23,548.725
2027-08-24,585.1989
2027-08-25,581.53174
2027-08-26,595.052
2027-08-27,587.98303
2027-08-28,599.08093
2027-08-29,592.3822
2027-08-30,573.34766
2027-08-31,577.13715
2027-09-01,577.5209
2027-09-02,589.1614
2027-09-03,597.4599
2027-09-04,651.34784
2027-09-05,676.93884
2027-09-06,657.3436
2027-09-07,687.3227
2027-09-08,665.45355
2027-09-09,663.08264
2027-09-10,620.6682
2027-09-11,622.2354
2027-09-12,619.713
2027-09-13,620.3599
2027-09-14,604.1159
2027-09-15,501.58908
2027-09-16,585.45325
2027-09-17,568.79285
2027-09-18,546.26953
2027-09-19,592.4714
2027-09-20,626.1771
2027-09-21,569.3418
2027-09-22,577.6977
2027-09-23,553.5376
2027-09-24,532.3972
2027-09-25,560.95264
2027-09-26,562.00714
2027-09-27,554.75525
2027-09-28,533.29565
2027-09-29,552.4382
2027-09-30,594.6349
2027-10-01,556.87396
2027-10-02,564.0364
2027-10-03,582.5063
2027-10-04,537.06085
2027-10-05,554.33716
2027-10-06,606.91284
2027-10-07,616.49384
2027-10-08,621.93604
2027-10-09,597.62964
2027-10-10,670.1705
2027-10-11,624.3646
2027-10-12,646.97235
2027-10-13,668.7506
2027-10-14,709.5424
2027-10-15,707.912
2027-10-16,729.97516
2027-10-17,752.0255
2027-10-18,734.94556
2027-10-19,670.7072
2027-10-20,620.76697
2027-10-21,628.9254
2027-10-22,604.56085
2027-10-23,604.3796
2027-10-24,569.73346
2027-10-25,524.6442
2027-10-26,523.60114
2027-10-27,507.87167
2027-10-28,490.42404
2027-10-29,528.3371
2027-10-30,530.7144
2027-10-31,539.00244
2027-11-01,522.31604
2027-11-02,510.16345
2027-11-03,515.3514
2027-11-04,548.3789
2027-11-05,526.1116
2027-11-06,555.6969
2027-11-07,521.07904
2027-11-08,535.0167
2027-11-09,511.2501
2027-11-10,517.57666
2027-11-11,507.21008
2027-11-12,506.13168
2027-11-13,501.71167
2027-11-14,537.89905
2027-11-15,529.41876
2027-11-16,515.8721
2027-11-17,481.1163
2027-11-18,515.4467
2027-11-19,490.15652
2027-11-20,506.4362
2027-11-21,549.54047
2027-11-22,546.3138
2027-11-23,540.0009
2027-11-24,523.37427
2027-11-25,482.12152
2027-11-26,462.86093
2027-11-27,464.84375
2027-11-28,488.1435
2027-11-29,505.2387
2027-11-30,527.3672
2027-12-01,529.64764
2027-12-02,562.6194
2027-12-03,592.3616
2027-12-04,642.47375
2027-12-05,650.5383
2027-12-06,690.5684
2027-12-07,658.18353
2027-12-08,691.8002
2027-12-09,719.0973
2027-12-10,727.7881
2027-12-11,732.7404
2027-12-12,714.15375
2027-12-13,714.9839
2027-12-14,647.91455
2027-12-15,567.58624
2027-12-16,546.92316
2027-12-17,554.9181
2027-12-18,519.1991
2027-12-19,531.7822
2027-12-20,556.95984
2027-12-21,639.1739
2027-12-22,652.89185
2027-12-23,639.13696
2027-12-24,622.6089
2027-12-25,635.738
2027-12-26,654.394
2027-12-27,617.94434
2027-12-28,671.5572
2027-12-29,658.3719
2027-12-30,602.6265
2027-12-31,505.63745
2028-01-01,488.6175
2028-01-02,514.94617
2028-01-03,555.0527
2028-01-04,543.32104
2028-01-05,518.23047
2028-01-06,510.3598
2028-01-07,537.95953
2028-01-08,523.70404
2028-01-09,519.48254
2028-01-10,550.49097
2028-01-11,551.73737
2028-01-12,536.3998
2028-01-13,561.4889
2028-01-14,535.7039
2028-01-15,554.3816
2028-01-16,571.00024
2028-01-17,586.7708
2028-01-18,590.25146
2028-01-19,575.87225
2028-01-20,593.8943
2028-01-21,530.2882
2028-01-22,556.787
2028-01-23,543.99756
2028-01-24,581.8961
2028-01-25,552.0095
2028-01-26,542.16864
2028-01-27,504.17282
2028-01-28,520.1219
2028-01-29,537.79114
2028-01-30,518.5254
2028-01-31,514.19446
2028-02-01,517.2364
2028-02-02,512.5002
2028-02-03,537.2054
2028-02-04,462.17645
2028-02-05,486.26437
2028-02-06,484.87543
2028-02-07,475.62387
2028-02-08,469.0423
2028-02-09,452.5333
2028-02-10,449.85992
2028-02-11,430.8615
2028-02-12,435.50027
2028-02-13,451.06277
2028-02-14,486.393
2028-02-15,471.8102
2028-02-16,507.98926
2028-02-17,514.235
2028-02-18,518.79297
2028-02-19,515.13635
2028-02-20,539.0738
2028-02-21,545.80585
2028-02-22,520.2646
2028-02-23,505.50122
2028-02-24,502.2275
2028-02-25,481.54828
2028-02-26,497.40826
2028-02-27,510.2958
2028-02-28,522.2771
2028-02-29,521.56885
2028-03-01,524.7631
2028-03-02,559.4035
2028-03-03,523.13214
2028-03-04,527.8529
2028-03-05,554.48035
2028-03-06,546.8506
2028-03-07,533.8847
2028-03-08,500.6191
2028-03-09,502.0206
2028-03-10,478.6489
2028-03-11,500.35095
2028-03-12,502.25955
2028-03-13,504.813
2028-03-14,511.91956
2028-03-15,502.83167
2028-03-16,476.59418
2028-03-17,475.6847
2028-03-18,425.41568
2028-03-19,424.82483
2028-03-20,416.12408
2028-03-21,420.83078
2028-03-22,426.14386
2028-03-23,456.1922
2028-03-24,464.31198
2028-03-25,452.8868
2028-03-26,477.40225
2028-03-27,508.11728
2028-03-28,518.17346
2028-03-29,575.1901
2028-03-30,556.97473
2028-03-31,560.06647
2028-04-01,570.7466
2028-04-02,567.24243
2028-04-03,546.48755
2028-04-04,547.8593
2028-04-05,547.27856
2028-04-06,542.6254
2028-04-07,524.5358
2028-04-08,516.6634
2028-04-09,510.68826
2028-04-10,519.86005
2028-04-11,514.6455
2028-04-12,524.64124
2028-04-13,553.2778
2028-04-14,541.445
2028-04-15,507.41986
2028-04-16,523.3348
2028-04-17,543.52057
2028-04-18,568.6791
2028-04-19,531.6873
2028-04-20,516.6374
2028-04-21,539.73944
2028-04-22,562.04663
2028-04-23,560.00446
2028-04-24,568.76074
2028-04-25,550.0024
2028-04-26,568.62305
2028-04-27,531.96826
2028-04-28,504.2182
2028-04-29,509.96716
2028-04-30,468.6478
2028-05-01,444.32788
2028-05-02,451.992
2028-05-03,426.34796
2028-05-04,411.68057
2028-05-05,400.45032
2028-05-06,389.6856
2028-05-07,397.695
2028-05-08,404.4864
2028-05-09,401.18826
2028-05-10,403.32944
2028-05-11,412.93152
2028-05-12,443.08798
2028-05-13,448.33505
2028-05-14,447.71008
2028-05-15,456.0375
2028-05-16,431.03052
2028-05-17,413.02753
2028-05-18,405.93326
2028-05-19,406.3403
2028-05-20,379.6594
2028-05-21,352.3904
2028-05-22,349.2774
2028-05-23,349.04254
2028-05-24,365.2821
2028-05-25,348.9407
2028-05-26,342.42462
2028-05-27,367.18604
2028-05-28,371.47134
2028-05-29,411.31708
2028-05-30,400.30716
2028-05-31,402.01553
2028-06-01,421.44684
2028-06-02,388.57266
2028-06-03,397.03278
2028-06-04,396.24484
2028-06-05,375.24896
2028-06-06,372.34116
2028-06-07,361.95493
2028-06-08,349.49353
2028-06-09,361.26242
2028-06-10,350.89978
2028-06-11,336.41418
2028-06-12,328.26465
2028-06-13,345.67407
2028-06-14,328.8572
2028-06-15,352.53314
2028-06-16,352.26788
2028-06-17,310.66583
2028-06-18,285.22473
2028-06-19,281.32883
2028-06-20,263.5677
2028-06-21,256.83047
2028-06-22,258.1111
2028-06-23,261.99298
2028-06-24,250.9253
2028-06-25,256.58636
2028-06-26,249.45862
2028-06-27,274.95255
2028-06-28,288.16443
2028-06-29,282.19907
2028-06-30,266.81366
2028-07-01,273.18973
2028-07-02,293.43033
2028-07-03,310.99936
2028-07-04,315.43185
2028-07-05,303.83667
2028-07-06,310.70108
2028-07-07,326.04886
2028-07-08,314.5005
2028-07-09,304.06625
2028-07-10,317.48575
2028-07-11,331.85742
2028-07-12,328.93436
2028-07-13,311.41486
2028-07-14,309.3134
2028-07-15,319.82227
2028-07-16,340.21652
2028-07-17,348.4275
2028-07-18,338.96988
2028-07-19,316.76984
2028-07-20,327.0038
2028-07-21,333.69727
2028-07-22,356.8541
2028-07-23,345.28006
2028-07-24,365.0629
2028-07-25,382.7203
2028-07-26,355.88135
2028-07-27,334.99423
2028-07-28,327.4684
2028-07-29,326.99625
2028-07-30,341.2149
2028-07-31,305.8106
2028-08-01,321.9557
2028-08-02,331.2429
2028-08-03,337.7888
2028-08-04,344.93933
2028-08-05,330.36835
2028-08-06,330.4338
2028-08-07,367.23047
2028-08-08,394.39453
2028-08-09,391.77158
2028-08-10,398.6714
2028-08-11,412.57425
2028-08-12,431.26266
2028-08-13,462.0628
2028-08-14,477.86807
2028-08-15,421.46445
2028-08-16,402.0105
2028-08-17,391.0805
2028-08-18,383.4897
2028-08-19,377.6398
2028-08-20,349.13574
2028-08-21,330.55658
2028-08-22,335.5713
2028-08-23,354.37592
2028-08-24,355.6761
2028-08-25,340.8405
2028-08-26,358.51154
2028-08-27,366.57922
2028-08-28,336.50555
2028-08-29,367.21387
2028-08-30,367.04816
2028-08-31,374.50797
2028-09-01,362.35208
2028-09-02,361.421
2028-09-03,351.10733
2028-09-04,329.98837
2028-09-05,318.8389
2028-09-06,329.56372
2028-09-07,345.15796
2028-09-08,327.71088
2028-09-09,325.34305
2028-09-10,349.39883
2028-09-11,351.204
2028-09-12,341.37198
2028-09-13,351.5348
2028-09-14,334.23837
2028-09-15,331.38382
2028-09-16,337.42938
2028-09-17,340.19043
2028-09-18,338.45453
2028-09-19,343.8534
2028-09-20,338.198
2028-09-21,348.40604
2028-09-22,334.9645
2028-09-23,344.28336
2028-09-24,341.11188
2028-09-25,361.21375
2028-09-26,364.57263
2028-09-27,372.68137
2028-09-28,361.36487
2028-09-29,384.2384
2028-09-30,387.40338
2028-10-01,385.48785
2028-10-02,386.04318
2028-10-03,381.5277
2028-10-04,371.10782
2028-10-05,392.81146
2028-10-06,381.4478
2028-10-07,369.08322
2028-10-08,392.10394
2028-10-09,395.5547
2028-10-10,395.80536
2028-10-11,407.66592
2028-10-12,398.6092
2028-10-13,377.3534
2028-10-14,397.5688
2028-10-15,419.44458
2028-10-16,429.1329
2028-10-17,432.68115
2028-10-18,456.81113
2028-10-19,449.85062
2028-10-20,430.74387
2028-10-21,383.7626
2028-10-22,383.22647
2028-10-23,382.4153
2028-10-24,377.50845
2028-10-25,397.66357
2028-10-26,426.32352
2028-10-27,433.3597
2028-10-28,453.8658
2028-10-29,459.51807
2028-10-30,472.8964
2028-10-31,455.92786
2028-11-01,467.65063
2028-11-02,455.7188
2028-11-03,479.69397
2028-11-04,468.47986
2028-11-05,482.8556
2028-11-06,448.96454
2028-11-07,468.48206
2028-11-08,463.27335
2028-11-09,436.28632
2028-11-10,451.23364
2028-11-11,448.57623
2028-11-12,461.43097
2028-11-13,440.53262
2028-11-14,470.6331
2028-11-15,445.28027
2028-11-16,451.3922
2028-11-17,455.72647
2028-11-18,461.68097
2028-11-19,457.04422
2028-11-20,469.36282
2028-11-21,456.7834
2028-11-22,435.2476
2028-11-23,447.15408
2028-11-24,418.7764
2028-11-25,405.83813
2028-11-26,396.81827
2028-11-27,390.82266
2028-11-28,415.9862
2028-11-29,368.88782
2028-11-30,371.5048
2028-12-01,361.43842
2028-12-02,367.20355
2028-12-03,363.4075
2028-12-04,369.77936
2028-12-05,364.73004
2028-12-06,359.5321
2028-12-07,361.7515
2028-12-08,354.685
2028-12-09,359.65958
2028-12-10,384.31512
2028-12-11,390.02454
2028-12-12,355.97476
2028-12-13,371.7632
2028-12-14,345.37347
2028-12-15,361.20425
2028-12-16,396.58536
2028-12-17,370.44962
2028-12-18,360.42648
2028-12-19,345.68802
2028-12-20,325.26904
2028-12-21,328.17874
2028-12-22,342.1253
2028-12-23,360.61874
2028-12-24,361.86014
2028-12-25,381.53235
2028-12-26,423.34222
2028-12-27,416.81757
2028-12-28,436.22098
2028-12-29,388.2357
2028-12-30,381.90295
2028-12-31,395.7284
2029-01-01,359.4776
2029-01-02,356.74084
2029-01-03,345.11285
2029-01-04,322.18668
2029-01-05,339.47504
2029-01-06,321.20297
2029-01-07,319.00912
2029-01-08,345.0108
2029-01-09,373.40305
2029-01-10,349.36835
2029-01-11,340.50644
2029-01-12,352.02612
2029-01-13,333.93192
2029-01-14,319.01035
2029-01-15,305.8591
2029-01-16,306.1155
2029-01-17,296.85825
2029-01-18,304.20105
2029-01-19,300.86545
2029-01-20,286.66995
2029-01-21,276.4483
2029-01-22,268.5182
2029-01-23,244.45932
2029-01-24,245.01784
2029-01-25,247.24742
2029-01-26,252.86525
2029-01-27,247.57008
2029-01-28,249.55373
2029-01-29,236.71678
2029-01-30,247.5737
2029-01-31,244.33759
2029-02-01,246.75789
2029-02-02,242.95074
2029-02-03,266.4013
2029-02-04,261.6456
2029-02-05,258.06467
2029-02-06,273.822
2029-02-07,271.52838
2029-02-08,252.93382
2029-02-09,272.81247
2029-02-10,297.04526
2029-02-11,315.68008
2029-02-12,301.27203
2029-02-13,294.22638
2029-02-14,276.75333
2029-02-15,258.49747
2029-02-16,235.28001
2029-02-17,267.84647
2029-02-18,285.68982
2029-02-19,283.61917
2029-02-20,266.98474
2029-02-21,259.76318
2029-02-22,267.41083
2029-02-23,257.5707
2029-02-24,254.44652
2029-02-25,242.31264
2029-02-26,244.4636
2029-02-27,247.20088
2029-02-28,238.45107
2029-03-01,240.37747
2029-03-02,242.18887
2029-03-03,220.27037
2029-03-04,216.46129
2029-03-05,195.28053
2029-03-06,192.67328
2029-03-07,178.31026
2029-03-08,183.23224
2029-03-09,168.72719
2029-03-10,167.7648
2029-03-11,173.38814
2029-03-12,169.54259
2029-03-13,158.71251
2029-03-14,152.25844
2029-03-15,156.798
2029-03-16,155.90375
2029-03-17,166.85861
2029-03-18,178.12413
2029-03-19,164.48883
2029-03-20,170.54745
2029-03-21,181.65623
2029-03-22,173.9041
2029-03-23,171.82368
2029-03-24,165.14503
2029-03-25,159.33498
2029-03-26,170.93436
2029-03-27,173.65768
2029-03-28,177.53047
2029-03-29,179.77159
2029-03-30,181.75397
2029-03-31,174.68488
2029-04-01,156.57825
2029-04-02,174.14034
2029-04-03,165.87486
2029-04-04,181.39864
2029-04-05,186.29611
2029-04-06,185.62956
2029-04-07,201.44951
2029-04-08,204.13974
2029-04-09,192.26231
2029-04-10,200.33371
2029-04-11,190.92027
2029-04-12,178.35785
2029-04-13,165.27513
2029-04-14,163.9204
2029-04-15,163.30745
2029-04-16,166.06604
2029-04-17,177.18066
2029-04-18,173.1503
2029-04-19,172.80885
2029-04-20,172.2505
2029-04-21,166.35541
2029-04-22,172.35817
2029-04-23,169.42865
2029-04-24,153.8477
2029-04-25,149.22751
2029-04-26,150.58818
2029-04-27,153.1016
2029-04-28,154.08052
2029-04-29,156.68001
2029-04-30,159.20427
2029-05-01,177.77895
2029-05-02,173.3264
2029-05-03,180.65279
2029-05-04,191.28235
2029-05-05,198.8544
2029-05-06,182.66653
2029-05-07,184.42123
2029-05-08,181.04219
2029-05-09,179.43399
2029-05-10,202.7857
2029-05-11,201.1056
2029-05-12,197.89293
2029-05-13,207.81107
2029-05-14,200.82755
2029-05-15,202.58096
2029-05-16,214.19684
2029-05-17,218.15407
2029-05-18,234.9903
2029-05-19,239.45934
2029-05-20,254.0154
2029-05-21,247.75482
2029-05-22,257.37415
2029-05-23,264.3422
2029-05-24,280.51645
2029-05-25,284.09427
2029-05-26,305.22583
2029-05-27,307.60004
2029-05-28,291.11493
2029-05-29,292.65652
2029-05-30,282.2723
2029-05-31,256.85275
2029-06-01,259.26587
2029-06-02,259.60977
2029-06-03,255.8052
2029-06-04,247.87517
2029-06-05,246.43922
2029-06-06,240.90208
2029-06-07,231.05592
2029-06-08,234.55019
2029-06-09,256.53455
2029-06-10,256.2817
2029-06-11,267.47543
2029-06-12,269.7713
2029-06-13,272.61035
2029-06-14,266.24216
2029-06-15,252.13449
2029-06-16,258.4199
2029-06-17,260.84424
2029-06-18,252.74657
2029-06-19,261.9461
2029-06-20,259.0979
2029-06-21,253.56807
2029-06-22,263.2819
2029-06-23,269.4408
2029-06-24,259.87195
2029-06-25,262.11224
2029-06-26,254.93806
2029-06-27,256.95148
2029-06-28,231.98055
2029-06-29,232.97043
2029-06-30,239.99585
2029-07-01,261.9148
2029-07-02,278.79138
2029-07-03,276.63214
2029-07-04,268.7207
2029-07-05,261.51306
2029-07-06,266.25095
2029-07-07,270.55518
2029-07-08,277.63086
2029-07-09,256.2901
2029-07-10,252.70674
2029-07-11,254.4804
2029-07-12,255.72523
2029-07-13,254.56827
2029-07-14,246.46227
2029-07-15,254.50186
2029-07-16,253.65674
2029-07-17,253.40831
2029-07-18,252.025
2029-07-19,250.91574
2029-07-20,255.31342
2029-07-21,247.13194
2029-07-22,242.72412
2029-07-23,247.59868
2029-07-24,250.94316
2029-07-25,243.91731
2029-07-26,258.04123
2029-07-27,255.17914
2029-07-28,253.75848
2029-07-29,262.28006
2029-07-30,263.61176
2029-07-31,286.69992
2029-08-01,278.3441
2029-08-02,279.66107
2029-08-03,266.94293
2029-08-04,252.74904
2029-08-05,247.93704
2029-08-06,241.14186
2029-08-07,246.67598
2029-08-08,239.68762
2029-08-09,251.9822
2029-08-10,237.41953
2029-08-11,264.0046
2029-08-12,248.99858
2029-08-13,244.67514
2029-08-14,240.36623
2029-08-15,253.98575
2029-08-16,251.04721
2029-08-17,303.40732
2029-08-18,317.02136
2029-08-19,300.71884
2029-08-20,321.76797
2029-08-21,324.181
2029-08-22,304.36133
2029-08-23,314.53555
2029-08-24,346.17944
2029-08-25,339.13074
2029-08-26,360.03302
2029-08-27,369.31116
2029-08-28,384.33423
2029-08-29,409.01184
2029-08-30,432.78778
2029-08-31,435.64578
2029-09-01,417.8766
2029-09-02,463.22537
2029-09-03,470.00925
2029-09-04,482.28745
2029-09-05,499.81006
2029-09-06,493.8333
2029-09-07,478.164
2029-09-08,492.46848
2029-09-09,549.5784
2029-09-10,546.5109
2029-09-11,633.95557
2029-09-12,641.3246
2029-09-13,635.3163
2029-09-14,613.7065
2029-09-15,600.54254
2029-09-16,590.4448
2029-09-17,552.08026
2029-09-18,598.9174
2029-09-19,590.2147
2029-09-20,583.9316
2029-09-21,625.2662
2029-09-22,596.5642
2029-09-23,580.6367
2029-09-24,564.125
2029-09-25,559.62274
2029-09-26,594.1722
2029-09-27,619.8278
2029-09-28,586.9338
2029-09-29,647.5087
2029-09-30,643.0084
2029-10-01,637.45483
2029-10-02,590.54193
2029-10-03,577.4106
2029-10-04,526.59424
2029-10-05,553.9369
2029-10-06,579.4748
2029-10-07,622.2386
2029-10-08,648.8757
2029-10-09,602.896
2029-10-10,604.40625
2029-10-11,563.7722
2029-10-12,583.9527
2029-10-13,602.69305
2029-10-14,599.44586
2029-10-15,649.35657
2029-10-16,655.0232
2029-10-17,593.6681
2029-10-18,606.9772
2029-10-19,686.5334
2029-10-20,705.1283
2029-10-21,759.5331
2029-10-22,802.2762
2029-10-23,824.9595
2029-10-24,892.08264
2029-10-25,891.1966
2029-10-26,942.1756
2029-10-27,963.2329
2029-10-28,951.55023
