2026-01-01,392.5
null,407.73636
2026-01-01,401.89072
2026-01-02,406.4336
2026-01-03,410.8441
2026-01-04,420.76413
2026-01-05,419.4453
2026-01-06,443.87985
2026-01-07,430.54684
2026-01-08,438.85367
2026-01-09,421.62906
2026-01-10,390.59775
2026-01-11,387.5077
2026-01-12,381.41412
2026-01-13,387.68842
2026-01-14,402.82285
2026-01-15,382.88504
2026-01-16,361.50687
2026-01-17,371.57056
2026-01-18,349.89676
2026-01-19,349.48972
2026-01-20,340.97208
2026-01-21,348.7445
2026-01-22,324.64722
2026-01-23,311.83505
2026-01-24,327.42365
2026-01-25,315.84543
2026-01-26,325.3375
2026-01-27,337.55304
2026-01-28,356.16644
2026-01-29,346.8944
2026-01-30,359.01562
2026-01-31,369.20007
2026-02-01,396.1348
2026-02-02,401.79773
2026-02-03,398.30157
2026-02-04,400.5282
2026-02-05,387.80035
2026-02-06,401.57327
2026-02-07,400.94565
2026-02-08,392.9333
2026-02-09,399.2985
2026-02-10,403.85263
2026-02-11,421.99365
2026-02-12,439.908
2026-02-13,458.40363
2026-02-14,477.17645
2026-02-15,480.0866
2026-02-16,471.74237
2026-02-17,492.8424
2026-02-18,464.6198
2026-02-19,444.91678
2026-02-20,445.27045
2026-02-21,424.84305
2026-02-22,416.91745
2026-02-23,399.35294
2026-02-24,411.7735
2026-02-25,399.7324
2026-02-26,412.89938
2026-02-27,426.4018
2026-02-28,426.9066
2026-03-01,422.63052
2026-03-02,409.42215
2026-03-03,412.71375
2026-03-04,398.2373
2026-03-05,418.29724
2026-03-06,404.6241
2026-03-07,393.96008
2026-03-08,416.9654
2026-03-09,454.96518
2026-03-10,453.423
2026-03-11,437.03726
2026-03-12,425.2177
2026-03-13,429.25934
2026-03-14,413.57843
2026-03-15,422.2278
2026-03-16,400.23434
2026-03-17,405.18588
2026-03-18,403.2279
2026-03-19,409.25934
2026-03-20,423.53568
2026-03-21,435.45325
2026-03-22,455.86066
2026-03-23,442.61325
2026-03-24,443.91232
2026-03-25,408.4574
2026-03-26,398.43573
2026-03-27,385.4581
2026-03-28,378.05508
2026-03-29,389.50043
2026-03-30,413.58044
2026-03-31,407.3215
2026-04-01,378.46646
2026-04-02,396.73886
2026-04-03,393.86755
2026-04-04,394.8693
2026-04-05,405.67035
2026-04-06,409.41205
2026-04-07,410.39792
2026-04-08,408.74567
2026-04-09,399.82883
2026-04-10,411.03122
2026-04-11,401.1017
2026-04-12,383.30627
2026-04-13,402.56946
2026-04-14,385.59973
2026-04-15,364.66443
2026-04-16,391.59586
2026-04-17,397.40656
2026-04-18,404.09024
2026-04-19,426.79077
2026-04-20,439.33368
2026-04-21,425.63882
2026-04-22,430.1543
2026-04-23,432.04416
2026-04-24,465.97473
2026-04-25,473.76035
2026-04-26,444.05798
2026-04-27,478.4242
2026-04-28,489.63052
2026-04-29,500.46426
2026-04-30,495.32364
2026-05-01,503.26315
2026-05-02,520.3775
2026-05-03,525.01996
2026-05-04,502.36136
2026-05-05,483.04236
2026-05-06,500.25613
2026-05-07,515.80225
2026-05-08,500.4265
2026-05-09,494.36108
2026-05-10,483.15222
2026-05-11,524.9361
2026-05-12,556.9182
2026-05-13,561.4787
2026-05-14,559.2431
2026-05-15,561.70447
2026-05-16,555.3047
2026-05-17,571.24274
2026-05-18,579.5819
2026-05-19,611.2516
2026-05-20,630.55225
2026-05-21,631.27716
2026-05-22,645.66473
2026-05-23,639.8928
2026-05-24,607.72095
2026-05-25,596.0658
2026-05-26,606.24506
2026-05-27,563.1088
2026-05-28,583.03577
2026-05-29,627.1343
2026-05-30,612.5947
2026-05-31,633.5671
2026-06-01,638.8295
2026-06-02,660.66504
2026-06-03,646.7362
2026-06-04,649.55975
2026-06-05,641.48846
2026-06-06,663.1549
2026-06-07,703.89954
2026-06-08,709.04974
2026-06-09,697.5631
2026-06-10,702.30865
2026-06-11,720.94696
2026-06-12,714.7358
2026-06-13,725.3113
2026-06-14,714.18567
2026-06-15,711.0157
2026-06-16,714.6043
2026-06-17,681.74677
2026-06-18,685.9826
2026-06-19,684.30524
2026-06-20,650.4576
2026-06-21,619.163
2026-06-22,612.44507
2026-06-23,629.11194
2026-06-24,683.19147
2026-06-25,692.3335
2026-06-26,689.40643
2026-06-27,687.46924
2026-06-28,711.06415
2026-06-29,690.3546
2026-06-30,685.19293
2026-07-01,689.96466
2026-07-02,700.7778
2026-07-03,701.7927
2026-07-04,712.19586
2026-07-05,712.28516
2026-07-06,712.5261
2026-07-07,696.42523
2026-07-08,716.56244
2026-07-09,682.26886
2026-07-10,698.6059
2026-07-11,697.8781
2026-07-12,683.33887
2026-07-13,722.2571
2026-07-14,684.3107
2026-07-15,690.8091
2026-07-16,686.4133
2026-07-17,713.78406
2026-07-18,707.8729
2026-07-19,722.4135
2026-07-20,694.0939
2026-07-21,686.504
2026-07-22,672.2942
2026-07-23,690.54926
2026-07-24,677.78253
2026-07-25,678.24176
2026-07-26,701.8567
2026-07-27,724.0427
2026-07-28,713.22986
2026-07-29,708.61255
2026-07-30,714.66266
2026-07-31,729.42194
2026-08-01,692.94836
2026-08-02,661.30414
2026-08-03,683.41376
2026-08-04,674.65186
2026-08-05,683.7428
2026-08-06,716.7651
2026-08-07,722.7427
2026-08-08,727.3244
2026-08-09,714.2209
2026-08-10,710.1456
2026-08-11,733.792
2026-08-12,700.2831
2026-08-13,690.2328
2026-08-14,714.4281
2026-08-15,708.33966
2026-08-16,701.8219
2026-08-17,699.1753
2026-08-18,699.836
2026-08-19,711.4121
2026-08-20,681.76605
2026-08-21,672.976
2026-08-22,672.82117
2026-08-23,670.73114
2026-08-24,660.882
2026-08-25,678.6678
2026-08-26,670.4125
2026-08-27,627.2002
2026-08-28,641.9543
2026-08-29,630.51245
2026-08-30,646.9101
2026-08-31,671.0207
2026-09-01,700.82825
2026-09-02,697.64453
2026-09-03,684.349
2026-09-04,708.1427
2026-09-05,721.41254
2026-09-06,739.7344
2026-09-07,750.6678
2026-09-08,747.9185
2026-09-09,769.8027
2026-09-10,803.5926
2026-09-11,848.4241
2026-09-12,783.90295
2026-09-13,772.44604
2026-09-14,768.6806
2026-09-15,763.8967
2026-09-16,772.8097
2026-09-17,796.9098
2026-09-18,804.6229
2026-09-19,808.93695
2026-09-20,790.53375
2026-09-21,855.10767
2026-09-22,878.22784
2026-09-23,839.1612
2026-09-24,841.1632
2026-09-25,854.6404
2026-09-26,852.0306
2026-09-27,881.84
2026-09-28,856.2865
2026-09-29,805.3745
2026-09-30,850.09204
2026-10-01,843.6956
2026-10-02,815.91644
2026-10-03,799.48553
2026-10-04,779.39136
2026-10-05,751.606
2026-10-06,718.25916
2026-10-07,714.8385
2026-10-08,728.8067
2026-10-09,693.88727
2026-10-10,666.0528
2026-10-11,653.7692
2026-10-12,636.1492
2026-10-13,614.6438
2026-10-14,614.6903
2026-10-15,652.7049
2026-10-16,684.1714
2026-10-17,665.8503
2026-10-18,658.5616
2026-10-19,677.9964
2026-10-20,713.6669
2026-10-21,691.5361
2026-10-22,696.3326
2026-10-23,718.16016
2026-10-24,714.19366
2026-10-25,693.2993
2026-10-26,702.85486
2026-10-27,700.1031
2026-10-28,708.86786
2026-10-29,692.8613
2026-10-30,696.17236
2026-10-31,686.0593
2026-11-01,647.5053
2026-11-02,642.9684
2026-11-03,574.6268
2026-11-04,547.54114
2026-11-05,525.5574
2026-11-06,515.8864
2026-11-07,503.39276
2026-11-08,488.2746
2026-11-09,471.29214
2026-11-10,466.34113
2026-11-11,471.8713
2026-11-12,449.36475
2026-11-13,460.0341
2026-11-14,476.41718
2026-11-15,466.9684
2026-11-16,468.09256
2026-11-17,436.6597
2026-11-18,438.92203
2026-11-19,469.32907
2026-11-20,462.67307
2026-11-21,462.3375
2026-11-22,490.9959
2026-11-23,464.95227
2026-11-24,483.20755
2026-11-25,483.22223
2026-11-26,520.0768
2026-11-27,527.0614
2026-11-28,509.74237
2026-11-29,496.32663
2026-11-30,498.42188
2026-12-01,526.93115
2026-12-02,524.1709
2026-12-03,509.18762
2026-12-04,501.26962
2026-12-05,525.0964
2026-12-06,508.79053
2026-12-07,491.39185
2026-12-08,492.1435
2026-12-09,502.2291
2026-12-10,501.26547
2026-12-11,507.52826
2026-12-12,497.9658
2026-12-13,485.85257
2026-12-14,468.6729
2026-12-15,490.4309
2026-12-16,498.17273
2026-12-17,472.48407
2026-12-18,504.09894
2026-12-19,486.97003
2026-12-20,464.4262
2026-12-21,482.83936
2026-12-22,463.1003
2026-12-23,437.3899
2026-12-24,441.4303
2026-12-25,456.82465
2026-12-26,447.795
2026-12-27,453.30798
2026-12-28,457.77484
2026-12-29,476.0468
2026-12-30,474.9642
2026-12-31,472.16504
2027-01-01,460.72076
2027-01-02,432.20383
2027-01-03,411.87476
2027-01-04,400.45895
2027-01-05,408.48578
2027-01-06,406.52725
2027-01-07,393.70462
2027-01-08,404.16043
2027-01-09,406.79562
2027-01-10,405.73468
2027-01-11,392.55283
2027-01-12,384.34528
2027-01-13,388.5328
2027-01-14,398.5121
2027-01-15,402.03745
2027-01-16,397.3746
2027-01-17,389.83453
2027-01-18,400.44147
2027-01-19,367.31607
2027-01-20,353.2003
2027-01-21,344.58258
2027-01-22,362.4233
2027-01-23,392.94815
2027-01-24,410.7608
2027-01-25,378.51605
2027-01-26,370.00583
2027-01-27,363.48865
2027-01-28,354.1067
2027-01-29,351.17856
2027-01-30,342.87152
2027-01-31,321.69446
2027-02-01,331.31616
2027-02-02,313.83563
2027-02-03,325.71188
2027-02-04,325.696
2027-02-05,325.3649
2027-02-06,342.09998
2027-02-07,358.3305
2027-02-08,357.39044
2027-02-09,364.04175
2027-02-10,366.82013
2027-02-11,357.95877
2027-02-12,372.76135
2027-02-13,377.2793
2027-02-14,397.7456
2027-02-15,398.2066
2027-02-16,427.34274
2027-02-17,412.04575
2027-02-18,431.70068
2027-02-19,437.77167
2027-02-20,427.51617
2027-02-21,423.88004
2027-02-22,415.67007
2027-02-23,421.49472
2027-02-24,404.23242
2027-02-25,392.785
2027-02-26,394.35788
2027-02-27,364.53497
2027-02-28,374.6251
2027-03-01,368.19168
2027-03-02,363.72717
2027-03-03,346.1087
2027-03-04,337.70822
2027-03-05,322.92987
2027-03-06,308.91144
2027-03-07,317.16736
2027-03-08,315.57834
2027-03-09,315.92426
2027-03-10,324.0613
2027-03-11,311.32266
2027-03-12,323.00708
2027-03-13,323.1909
2027-03-14,320.47156
2027-03-15,328.83856
2027-03-16,334.25427
2027-03-17,339.40564
2027-03-18,329.77435
2027-03-19,327.69836
2027-03-20,321.51392
2027-03-21,303.9646
2027-03-22,285.61783
2027-03-23,286.25577
2027-03-24,294.44403
2027-03-25,298.63986
2027-03-26,284.54764
2027-03-27,274.54886
2027-03-28,273.83368
2027-03-29,264.20035
2027-03-30,268.8615
2027-03-31,292.16754
2027-04-01,275.64407
2027-04-02,268.0371
2027-04-03,265.59903
2027-04-04,265.9189
2027-04-05,267.61087
2027-04-06,278.55527
2027-04-07,288.74097
2027-04-08,286.99255
2027-04-09,271.1132
2027-04-10,262.2069
2027-04-11,257.77927
2027-04-12,272.5305
2027-04-13,270.14536
2027-04-14,268.49042
2027-04-15,272.4067
2027-04-16,280.8792
2027-04-17,278.21893
2027-04-18,293.55994
2027-04-19,279.66638
2027-04-20,266.82843
2027-04-21,272.7534
2027-04-22,281.48184
2027-04-23,277.56177
2027-04-24,285.2083
2027-04-25,287.2009
2027-04-26,297.93924
2027-04-27,296.26697
2027-04-28,297.24878
2027-04-29,281.68585
2027-04-30,282.78436
2027-05-01,282.8702
2027-05-02,266.1366
2027-05-03,276.98126
2027-05-04,287.2447
2027-05-05,294.16217
2027-05-06,283.83923
2027-05-07,273.1497
2027-05-08,276.00378
2027-05-09,279.8278
2027-05-10,284.60806
2027-05-11,276.99686
2027-05-12,277.82074
2027-05-13,271.6633
2027-05-14,273.0261
2027-05-15,271.75403
2027-05-16,287.1542
2027-05-17,275.59637
2027-05-18,269.67258
2027-05-19,270.54623
2027-05-20,268.99307
2027-05-21,267.43436
2027-05-22,263.23947
2027-05-23,274.26523
2027-05-24,265.82623
2027-05-25,276.35242
2027-05-26,268.74197
2027-05-27,245.38039
2027-05-28,247.12405
2027-05-29,228.21974
2027-05-30,228.32144
2027-05-31,215.10565
2027-06-01,206.77628
2027-06-02,194.41019
2027-06-03,201.55742
2027-06-04,193.5562
2027-06-05,194.06566
2027-06-06,195.90675
2027-06-07,202.9077
2027-06-08,205.74089
2027-06-09,205.7561
2027-06-10,200.93936
2027-06-11,202.95052
2027-06-12,210.52621
2027-06-13,213.16373
2027-06-14,207.06589
2027-06-15,206.04248
2027-06-16,199.36423
2027-06-17,191.65488
2027-06-18,184.21884
2027-06-19,179.49585
2027-06-20,182.2677
2027-06-21,190.42003
2027-06-22,184.19743
2027-06-23,186.3864
2027-06-24,196.7408
2027-06-25,199.05576
2027-06-26,193.62115
2027-06-27,196.6136
2027-06-28,193.64407
2027-06-29,198.00316
2027-06-30,195.20558
2027-07-01,184.14339
2027-07-02,187.35423
2027-07-03,192.37038
2027-07-04,200.76675
2027-07-05,195.97746
2027-07-06,204.87917
2027-07-07,204.05522
2027-07-08,201.42012
2027-07-09,199.9473
2027-07-10,206.04167
2027-07-11,207.68253
2027-07-12,208.96072
2027-07-13,202.02441
2027-07-14,207.49802
2027-07-15,207.12608
2027-07-16,223.13507
2027-07-17,235.8863
2027-07-18,220.96086
2027-07-19,217.30618
2027-07-20,213.12659
2027-07-21,205.3604
2027-07-22,194.3603
2027-07-23,210.57108
2027-07-24,218.78316
2027-07-25,226.21368
2027-07-26,218.39195
2027-07-27,215.29199
2027-07-28,198.28229
2027-07-29,184.27264
2027-07-30,180.58148
2027-07-31,176.06177
2027-08-01,166.14986
2027-08-02,155.14287
2027-08-03,148.44893
2027-08-04,159.9069
2027-08-05,160.05363
2027-08-06,161.87453
2027-08-07,155.19823
2027-08-08,160.90689
2027-08-09,164.39917
2027-08-10,161.73665
2027-08-11,161.4608
2027-08-12,161.73932
2027-08-13,158.26324
2027-08-14,148.59602
2027-08-15,152.82314
2027-08-16,143.57182
2027-08-17,138.9675
2027-08-18,135.55502
2027-08-19,134.0089
2027-08-20,140.9844
2027-08-21,140.57372
2027-08-22,145.8069
2027-08-23,151.86075
2027-08-24,151.97386
2027-08-25,149.44287
2027-08-26,153.19646
2027-08-27,150.1919
2027-08-28,149.92679
2027-08-29,143.17375
2027-08-30,143.7462
2027-08-31,150.45226
2027-09-01,142.57132
2027-09-02,143.92784
2027-09-03,135.25168
2027-09-04,131.13652
2027-09-05,135.77051
2027-09-06,135.23279
2027-09-07,136.83322
2027-09-08,142.36877
2027-09-09,143.53871
2027-09-10,140.91943
2027-09-11,145.04251
2027-09-12,146.5972
2027-09-13,147.69598
2027-09-14,147.85376
2027-09-15,147.54584
2027-09-16,157.05281
2027-09-17,160.67638
2027-09-18,164.77072
2027-09-19,158.97192
2027-09-20,155.24612
2027-09-21,166.54807
2027-09-22,161.09123
2027-09-23,152.81648
2027-09-24,152.41714
2027-09-25,149.91162
2027-09-26,153.4074
2027-09-27,148.93134
2027-09-28,148.65823
2027-09-29,145.68288
2027-09-30,140.58606
2027-10-01,134.63312
2027-10-02,132.48122
2027-10-03,127.150696
2027-10-04,125.89041
2027-10-05,122.72528
2027-10-06,131.17392
2027-10-07,130.50095
2027-10-08,132.2947
2027-10-09,138.21826
2027-10-10,137.0309
2027-10-11,141.59927
2027-10-12,143.75812
2027-10-13,144.93063
2027-10-14,143.54373
2027-10-15,143.84769
2027-10-16,145.2461
2027-10-17,140.57051
2027-10-18,132.8885
2027-10-19,136.1998
2027-10-20,133.80188
2027-10-21,137.37277
2027-10-22,141.7797
2027-10-23,149.27942
2027-10-24,153.01967
2027-10-25,163.03375
2027-10-26,160.86862
2027-10-27,150.39423
2027-10-28,145.42776
2027-10-29,152.04596
2027-10-30,146.0011
2027-10-31,149.28275
2027-11-01,151.06848
2027-11-02,148.73576
2027-11-03,142.03351
2027-11-04,134.7359
2027-11-05,141.96786
2027-11-06,144.85686
2027-11-07,144.83385
2027-11-08,151.60751
2027-11-09,145.83212
2027-11-10,144.69554
2027-11-11,136.55833
2027-11-12,140.95345
2027-11-13,133.02722
2027-11-14,127.65355
2027-11-15,128.80484
2027-11-16,125.14419
2027-11-17,133.63474
2027-11-18,124.7358
2027-11-19,129.41313
2027-11-20,133.19327
2027-11-21,130.10747
2027-11-22,131.01846
2027-11-23,128.76488
2027-11-24,135.33417
2027-11-25,130.95131
2027-11-26,142.65462
2027-11-27,148.18872
2027-11-28,156.3155
2027-11-29,148.47607
2027-11-30,148.2729
2027-12-01,149.86061
2027-12-02,152.02388
2027-12-03,147.65251
2027-12-04,145.75055
2027-12-05,148.49341
2027-12-06,151.94963
2027-12-07,155.45065
2027-12-08,160.5146
2027-12-09,158.83171
2027-12-10,157.60695
2027-12-11,164.49902
2027-12-12,148.96164
2027-12-13,136.86443
2027-12-14,137.40205
2027-12-15,143.04625
2027-12-16,145.5135
2027-12-17,141.08873
2027-12-18,137.77907
2027-12-19,135.98364
2027-12-20,135.53885
2027-12-21,133.59074
2027-12-22,135.84282
2027-12-23,135.52684
2027-12-24,134.80338
2027-12-25,149.09659
2027-12-26,147.05629
2027-12-27,150.50702
2027-12-28,149.2918
2027-12-29,151.94374
2027-12-30,154.66849
2027-12-31,146.90262
2028-01-01,135.33765
2028-01-02,126.10107
2028-01-03,128.97835
2028-01-04,123.895386
2028-01-05,125.6736
2028-01-06,125.066635
2028-01-07,122.39914
2028-01-08,123.72452
2028-01-09,125.0989
2028-01-10,120.60899
2028-01-11,118.07483
2028-01-12,111.992165
2028-01-13,111.088715
2028-01-14,110.413765
2028-01-15,107.310905
2028-01-16,103.58902
2028-01-17,102.275566
2028-01-18,104.55329
2028-01-19,100.08037
2028-01-20,98.85545
2028-01-21,93.0163
2028-01-22,99.17526
2028-01-23,103.93708
2028-01-24,101.90144
2028-01-25,103.83668
2028-01-26,100.219765
2028-01-27,103.62406
2028-01-28,102.190636
2028-01-29,105.12179
2028-01-30,105.06262
2028-01-31,107.745285
2028-02-01,114.44843
2028-02-02,109.91643
2028-02-03,115.19224
2028-02-04,111.8558
2028-02-05,112.29235
2028-02-06,104.938515
2028-02-07,108.21337
2028-02-08,110.614494
2028-02-09,111.035324
2028-02-10,116.17485
2028-02-11,106.95625
2028-02-12,108.683464
2028-02-13,100.771385
2028-02-14,98.4687
2028-02-15,102.166695
2028-02-16,101.93873
2028-02-17,97.92016
2028-02-18,106.70987
2028-02-19,108.63335
2028-02-20,108.38763
2028-02-21,102.3903
2028-02-22,101.32522
2028-02-23,100.24095
2028-02-24,94.29404
2028-02-25,100.9552
2028-02-26,100.06658
2028-02-27,102.03694
2028-02-28,98.57747
2028-02-29,99.579575
2028-03-01,98.29013
2028-03-02,91.32345
2028-03-03,90.04067
2028-03-04,86.48685
2028-03-05,82.00318
2028-03-06,78.929955
2028-03-07,80.81965
2028-03-08,80.94051
2028-03-09,81.01682
2028-03-10,83.20609
2028-03-11,80.92019
2028-03-12,81.15051
2028-03-13,79.037415
2028-03-14,78.14168
2028-03-15,83.11441
2028-03-16,80.007645
2028-03-17,78.0053
2028-03-18,75.13589
2028-03-19,78.8357
2028-03-20,74.01462
2028-03-21,73.958305
2028-03-22,71.5749
2028-03-23,70.52016
2028-03-24,72.88238
2028-03-25,74.17264
2028-03-26,79.20145
2028-03-27,77.13635
2028-03-28,76.97627
2028-03-29,75.49558
2028-03-30,76.08942
2028-03-31,70.99511
2028-04-01,68.079544
2028-04-02,63.344933
2028-04-03,61.883713
2028-04-04,65.77733
2028-04-05,69.98542
2028-04-06,67.97303
2028-04-07,70.05227
2028-04-08,69.753914
2028-04-09,68.46798
2028-04-10,67.24739
2028-04-11,66.65013
2028-04-12,66.32891
2028-04-13,63.100433
2028-04-14,60.21846
2028-04-15,58.18349
2028-04-16,60.42629
2028-04-17,57.463413
2028-04-18,56.6314
2028-04-19,57.300194
2028-04-20,55.772606
2028-04-21,57.04635
2028-04-22,54.336193
2028-04-23,55.89854
2028-04-24,60.004208
2028-04-25,60.134445
2028-04-26,63.49319
2028-04-27,59.199673
2028-04-28,57.33859
2028-04-29,56.74928
2028-04-30,57.26709
2028-05-01,56.23631
2028-05-02,54.149998
2028-05-03,55.026432
2028-05-04,55.830402
2028-05-05,58.658897
2028-05-06,57.65953
2028-05-07,58.548466
2028-05-08,60.31468
2028-05-09,56.78297
2028-05-10,55.62879
2028-05-11,55.662163
2028-05-12,52.44131
2028-05-13,52.844833
2028-05-14,54.64256
2028-05-15,52.904575
2028-05-16,52.672222
2028-05-17,52.298656
2028-05-18,53.098022
2028-05-19,50.096085
2028-05-20,45.267006
2028-05-21,45.87068
2028-05-22,43.484943
2028-05-23,42.527
2028-05-24,41.537563
2028-05-25,43.20153
2028-05-26,43.87472
2028-05-27,43.51477
2028-05-28,42.048126
2028-05-29,42.23426
2028-05-30,43.576706
2028-05-31,43.554478
2028-06-01,44.840363
2028-06-02,48.42388
2028-06-03,47.49968
2028-06-04,51.790104
2028-06-05,48.97444
2028-06-06,50.589447
2028-06-07,48.56238
2028-06-08,51.82634
2028-06-09,49.899277
2028-06-10,49.67664
2028-06-11,48.48646
2028-06-12,48.905716
2028-06-13,45.89558
2028-06-14,45.14762
2028-06-15,41.634033
2028-06-16,44.712055
2028-06-17,46.48613
2028-06-18,44.44878
2028-06-19,43.43376
2028-06-20,41.919296
2028-06-21,41.52654
2028-06-22,41.20285
2028-06-23,41.847458
2028-06-24,43.645077
2028-06-25,43.204086
2028-06-26,44.92362
2028-06-27,44.705524
2028-06-28,43.68272
2028-06-29,45.812958
2028-06-30,43.6991
2028-07-01,43.279095
2028-07-02,45.026886
2028-07-03,45.35591
2028-07-04,44.680927
2028-07-05,44.169025
2028-07-06,44.06217
2028-07-07,47.77171
2028-07-08,49.927113
2028-07-09,47.47767
2028-07-10,50.311066
2028-07-11,51.815857
2028-07-12,48.031708
2028-07-13,51.44942
2028-07-14,51.99049
2028-07-15,53.36845
2028-07-16,53.77003
2028-07-17,54.073555
2028-07-18,51.848907
2028-07-19,52.7422
2028-07-20,50.828373
2028-07-21,47.413517
2028-07-22,46.48807
2028-07-23,46.875042
2028-07-24,45.864548
2028-07-25,44.484318
2028-07-26,44.839523
2028-07-27,46.061745
2028-07-28,47.68802
2028-07-29,49.522766
2028-07-30,50.432896
2028-07-31,48.07378
2028-08-01,48.451267
2028-08-02,48.08105
2028-08-03,50.767807
2028-08-04,51.146263
2028-08-05,52.123077
2028-08-06,50.13692
2028-08-07,49.531006
2028-08-08,48.185947
2028-08-09,46.81808
2028-08-10,48.471195
2028-08-11,46.131554
2028-08-12,45.701916
2028-08-13,48.39307
2028-08-14,49.157063
2028-08-15,46.062286
2028-08-16,47.251736
2028-08-17,44.862312
2028-08-18,45.031517
2028-08-19,47.705055
2028-08-20,48.268963
2028-08-21,47.334885
2028-08-22,46.31453
2028-08-23,46.398727
2028-08-24,47.366333
2028-08-25,48.930843
2028-08-26,49.784203
2028-08-27,49.230812
2028-08-28,50.725628
2028-08-29,50.483494
2028-08-30,48.583454
2028-08-31,49.87539
2028-09-01,51.333027
2028-09-02,56.540794
2028-09-03,54.606888
2028-09-04,54.38356
2028-09-05,53.154327
2028-09-06,53.362106
2028-09-07,50.624504
2028-09-08,48.9027
2028-09-09,49.43259
2028-09-10,50.12643
2028-09-11,48.980762
2028-09-12,48.075512
2028-09-13,49.581882
2028-09-14,48.337337
2028-09-15,46.3603
2028-09-16,49.511562
2028-09-17,47.751274
2028-09-18,48.44204
2028-09-19,49.020073
2028-09-20,46.82574
2028-09-21,49.593254
2028-09-22,49.70759
2028-09-23,49.64205
2028-09-24,49.708725
2028-09-25,49.93653
2028-09-26,50.442513
2028-09-27,49.820892
2028-09-28,49.275627
2028-09-29,49.7395
2028-09-30,47.497547
2028-10-01,49.45578
2028-10-02,49.18919
2028-10-03,47.099648
2028-10-04,43.99688
2028-10-05,42.540096
2028-10-06,44.06702
2028-10-07,43.651768
2028-10-08,45.271523
2028-10-09,48.09093
2028-10-10,46.532314
2028-10-11,45.89891
2028-10-12,44.885338
2028-10-13,43.16947
2028-10-14,40.91253
2028-10-15,41.032486
2028-10-16,42.18961
2028-10-17,43.077442
2028-10-18,40.57972
2028-10-19,40.70085
2028-10-20,42.734303
2028-10-21,42.282417
2028-10-22,44.168926
2028-10-23,44.05373
2028-10-24,47.91596
2028-10-25,50.19702
2028-10-26,46.349056
2028-10-27,47.001183
2028-10-28,44.548
2028-10-29,43.32085
2028-10-30,43.413273
2028-10-31,44.321167
2028-11-01,45.524837
2028-11-02,47.573536
2028-11-03,46.986298
2028-11-04,48.37741
2028-11-05,46.857864
2028-11-06,46.270393
2028-11-07,48.00898
2028-11-08,47.84079
2028-11-09,51.5132
2028-11-10,51.153286
2028-11-11,51.39506
2028-11-12,50.233715
2028-11-13,47.266796
2028-11-14,48.324512
2028-11-15,49.314682
2028-11-16,48.85214
2028-11-17,50.34797
2028-11-18,52.365814
2028-11-19,52.173225
2028-11-20,51.300697
2028-11-21,52.41946
2028-11-22,51.24664
2028-11-23,49.421085
2028-11-24,50.568317
2028-11-25,52.372177
2028-11-26,55.241932
2028-11-27,55.234707
2028-11-28,58.560886
2028-11-29,58.070065
2028-11-30,60.3482
2028-12-01,61.89885
2028-12-02,61.150276
2028-12-03,58.5446
2028-12-04,60.96399
2028-12-05,58.847195
2028-12-06,58.229343
2028-12-07,59.349445
2028-12-08,64.61694
2028-12-09,67.3374
2028-12-10,66.75579
2028-12-11,66.80519
2028-12-12,66.63861
2028-12-13,63.150116
2028-12-14,64.497505
2028-12-15,65.7481
2028-12-16,62.99875
2028-12-17,65.03535
2028-12-18,65.63013
2028-12-19,67.79385
2028-12-20,63.253124
2028-12-21,62.17213
2028-12-22,61.112255
2028-12-23,59.945335
2028-12-24,56.250423
2028-12-25,58.90621
2028-12-26,56.230522
2028-12-27,56.73581
2028-12-28,56.778194
2028-12-29,56.51539
2028-12-30,57.290794
2028-12-31,60.086533
2029-01-01,56.948643
2029-01-02,56.51832
2029-01-03,61.7327
2029-01-04,63.010952
2029-01-05,61.984367
2029-01-06,59.342663
2029-01-07,58.056995
2029-01-08,55.09048
2029-01-09,52.506466
2029-01-10,52.455605
2029-01-11,53.702187
2029-01-12,52.66411
2029-01-13,55.76501
2029-01-14,53.65134
2029-01-15,57.213478
2029-01-16,52.679447
2029-01-17,53.854916
2029-01-18,58.157692
2029-01-19,58.265167
2029-01-20,63.0049
2029-01-21,61.90901
2029-01-22,61.099842
2029-01-23,58.24477
2029-01-24,56.911896
2029-01-25,58.01217
2029-01-26,55.83679
2029-01-27,55.808716
2029-01-28,56.175262
2029-01-29,52.889576
2029-01-30,52.40643
2029-01-31,55.733868
2029-02-01,58.069813
2029-02-02,56.071503
2029-02-03,55.31244
2029-02-04,51.56416
2029-02-05,52.354965
2029-02-06,56.53209
2029-02-07,54.3943
2029-02-08,52.534897
2029-02-09,51.04764
2029-02-10,53.755222
2029-02-11,56.142597
2029-02-12,60.39189
2029-02-13,58.009308
2029-02-14,56.803112
2029-02-15,58.71895
2029-02-16,58.4021
2029-02-17,55.687115
2029-02-18,55.6872
2029-02-19,59.16462
2029-02-20,61.96778
2029-02-21,63.939697
2029-02-22,64.116585
2029-02-23,62.029816
2029-02-24,65.174965
2029-02-25,65.52047
2029-02-26,62.760372
2029-02-27,62.787014
2029-02-28,63.56864
2029-03-01,58.61337
2029-03-02,59.46462
2029-03-03,59.940514
2029-03-04,65.628746
2029-03-05,65.624466
2029-03-06,66.385124
2029-03-07,63.810226
2029-03-08,62.596485
2029-03-09,65.07794
2029-03-10,61.31107
2029-03-11,61.071945
2029-03-12,62.353577
2029-03-13,65.06512
2029-03-14,66.38159
2029-03-15,71.736244
2029-03-16,74.473465
2029-03-17,74.16874
2029-03-18,74.090485
2029-03-19,74.07223
2029-03-20,79.77862
2029-03-21,80.20327
2029-03-22,77.58034
2029-03-23,80.64872
2029-03-24,77.333015
2029-03-25,84.69064
2029-03-26,85.31473
2029-03-27,88.0876
2029-03-28,88.18242
2029-03-29,92.123535
2029-03-30,86.69078
2029-03-31,89.285416
2029-04-01,88.91609
2029-04-02,85.10918
2029-04-03,88.60246
2029-04-04,90.40187
2029-04-05,92.45132
2029-04-06,95.30654
2029-04-07,94.49111
2029-04-08,92.84249
2029-04-09,88.7055
2029-04-10,85.01987
2029-04-11,85.769936
2029-04-12,84.315796
2029-04-13,90.83603
2029-04-14,92.396194
2029-04-15,90.57655
2029-04-16,90.10976
2029-04-17,89.82733
2029-04-18,83.799965
2029-04-19,85.71266
2029-04-20,86.59765
2029-04-21,89.96474
2029-04-22,90.802536
2029-04-23,85.18563
2029-04-24,84.30619
2029-04-25,82.485916
2029-04-26,85.42563
2029-04-27,89.566864
2029-04-28,90.46659
2029-04-29,90.27382
2029-04-30,94.012146
2029-05-01,93.35097
2029-05-02,93.13609
2029-05-03,89.057526
2029-05-04,86.14535
2029-05-05,82.829475
2029-05-06,82.72437
2029-05-07,82.14367
2029-05-08,82.58671
2029-05-09,82.2236
2029-05-10,79.60565
2029-05-11,80.022865
2029-05-12,76.885254
2029-05-13,69.76452
2029-05-14,67.222885
2029-05-15,65.191086
2029-05-16,66.08468
2029-05-17,66.473305
2029-05-18,66.965225
2029-05-19,70.3485
2029-05-20,70.98312
2029-05-21,73.2805
2029-05-22,68.216576
2029-05-23,73.22423
2029-05-24,69.704735
2029-05-25,63.600517
2029-05-26,61.740467
2029-05-27,60.754616
2029-05-28,62.367065
2029-05-29,61.773758
2029-05-30,61.30823
2029-05-31,63.7018
2029-06-01,66.30188
2029-06-02,65.01649
2029-06-03,68.28667
2029-06-04,67.34718
2029-06-05,68.77197
2029-06-06,71.59948
2029-06-07,75.24443
2029-06-08,73.83388
2029-06-09,72.84019
2029-06-10,77.95609
2029-06-11,72.202385
2029-06-12,75.88436
2029-06-13,73.165306
2029-06-14,70.10677
2029-06-15,69.59093
2029-06-16,71.948715
2029-06-17,76.93312
2029-06-18,78.75596
2029-06-19,82.32736
2029-06-20,84.07792
2029-06-21,84.45977
2029-06-22,81.07428
2029-06-23,88.33712
2029-06-24,87.964096
2029-06-25,83.85306
2029-06-26,86.29027
2029-06-27,85.85037
2029-06-28,86.58653
2029-06-29,81.630135
2029-06-30,79.36964
2029-07-01,84.575005
2029-07-02,80.76075
2029-07-03,79.908066
2029-07-04,76.53772
2029-07-05,80.853874
2029-07-06,81.61583
2029-07-07,82.29013
2029-07-08,83.494
2029-07-09,82.81281
2029-07-10,82.78523
2029-07-11,81.873634
2029-07-12,78.61071
2029-07-13,81.65384
2029-07-14,79.91597
2029-07-15,79.83499
2029-07-16,79.67183
2029-07-17,75.6055
2029-07-18,74.23557
2029-07-19,79.56615
2029-07-20,82.77767
2029-07-21,82.97813
2029-07-22,79.98762
2029-07-23,85.13623
2029-07-24,82.82866
2029-07-25,83.86812
2029-07-26,76.31514
2029-07-27,76.695496
2029-07-28,78.92222
2029-07-29,80.075714
2029-07-30,82.28697
2029-07-31,82.32324
2029-08-01,82.176895
2029-08-02,81.02868
2029-08-03,80.28133
2029-08-04,82.96433
2029-08-05,84.90533
2029-08-06,80.99766
2029-08-07,80.00172
2029-08-08,83.73445
2029-08-09,84.81715
2029-08-10,83.387314
2029-08-11,82.52695
2029-08-12,77.7904
2029-08-13,77.67801
2029-08-14,80.6574
2029-08-15,83.15045
2029-08-16,86.07252
2029-08-17,81.236496
2029-08-18,78.930786
2029-08-19,81.77423
2029-08-20,85.0137
2029-08-21,82.94433
2029-08-22,86.48665
2029-08-23,87.55098
2029-08-24,87.897644
2029-08-25,89.58404
2029-08-26,91.95283
2029-08-27,90.43527
2029-08-28,85.15937
2029-08-29,80.10061
2029-08-30,82.09491
2029-08-31,86.89315
2029-09-01,87.3778
2029-09-02,89.599495
2029-09-03,87.55149
2029-09-04,93.4554
2029-09-05,89.7482
2029-09-06,87.23984
2029-09-07,84.102325
2029-09-08,88.09225
2029-09-09,83.306694
2029-09-10,84.28959
2029-09-11,86.85313
2029-09-12,94.61214
2029-09-13,91.55532
2029-09-14,97.14234
2029-09-15,97.457085
2029-09-16,101.258896
2029-09-17,101.905106
2029-09-18,105.732544
2029-09-19,104.18036
2029-09-20,104.02395
2029-09-21,106.01943
2029-09-22,102.80403
2029-09-23,107.686966
2029-09-24,104.6162
2029-09-25,108.82534
2029-09-26,108.41012
2029-09-27,107.0526
2029-09-28,109.63115
2029-09-29,109.664986
2029-09-30,108.16918
2029-10-01,108.08515
2029-10-02,114.73601
2029-10-03,112.25665
2029-10-04,109.50421
2029-10-05,104.08437
2029-10-06,102.886
2029-10-07,101.34273
2029-10-08,101.47853
2029-10-09,100.2653
2029-10-10,104.289894
2029-10-11,97.34873
2029-10-12,100.010994
2029-10-13,98.50421
2029-10-14,100.77166
2029-10-15,100.01163
2029-10-16,98.12776
2029-10-17,94.74827
2029-10-18,94.498535
2029-10-19,92.25508
2029-10-20,95.039566
2029-10-21,100.12284
2029-10-22,102.50194
2029-10-23,96.732185
2029-10-24,97.44541
2029-10-25,101.52516
2029-10-26,98.030716
2029-10-27,103.41327
2029-10-28,101.342964
2029-10-29,98.410515
2029-10-30,101.71975
2029-10-31,95.74285
2029-11-01,91.640564
2029-11-02,85.39942
2029-11-03,88.34458
2029-11-04,92.06584
2029-11-05,96.03751
2029-11-06,92.14981
2029-11-07,91.82775
2029-11-08,85.10227
2029-11-09,91.12252
2029-11-10,83.42063
2029-11-11,90.44419
2029-11-12,91.82508
2029-11-13,89.19702
2029-11-14,88.1053
2029-11-15,90.037964
2029-11-16,92.2143
2029-11-17,94.003105
2029-11-18,96.772766
2029-11-19,92.04784
2029-11-20,93.88919
2029-11-21,89.719604
2029-11-22,93.268684
2029-11-23,97.364685
2029-11-24,98.98063
2029-11-25,100.99906
2029-11-26,104.951614
2029-11-27,113.01945
2029-11-28,113.7263
2029-11-29,114.38231
2029-11-30,106.690636
2029-12-01,109.95119
2029-12-02,107.728264
2029-12-03,107.247986
2029-12-04,116.638626
2029-12-05,115.33233
2029-12-06,114.28415
2029-12-07,119.32848
2029-12-08,117.007774
2029-12-09,111.73139
2029-12-10,116.81001
2029-12-11,115.28495
2029-12-12,114.937996
2029-12-13,104.79068
2029-12-14,98.89993
2029-12-15,104.787056
2029-12-16,102.61524
2029-12-17,105.549164
2029-12-18,103.23922
2029-12-19,111.31665
2029-12-20,114.44186
2029-12-21,117.54372
2029-12-22,116.80402
2029-12-23,121.102325
2029-12-24,124.25648
2029-12-25,122.44667
2029-12-26,131.93298
2029-12-27,136.24245
2029-12-28,128.62756
2029-12-29,130.76868
2029-12-30,136.77097
2029-12-31,136.7451
2030-01-01,131.94254
2030-01-02,136.84755
2030-01-03,143.25159
2030-01-04,131.03893
2030-01-05,133.61447
2030-01-06,137.07275
2030-01-07,134.10219
2030-01-08,140.99147
2030-01-09,141.43295
2030-01-10,135.27602
2030-01-11,135.23395
2030-01-12,142.70137
2030-01-13,136.85779
2030-01-14,139.53545
2030-01-15,142.5513
2030-01-16,139.8096
2030-01-17,136.84178
2030-01-18,135.26031
2030-01-19,122.714165
2030-01-20,129.12265
2030-01-21,132.54779
2030-01-22,141.00275
2030-01-23,145.63005
2030-01-24,138.42668
2030-01-25,132.4664
2030-01-26,128.66187
2030-01-27,125.07184
2030-01-28,125.59819
2030-01-29,130.24782
2030-01-30,132.21397
2030-01-31,129.53087
2030-02-01,135.71745
2030-02-02,124.55235
2030-02-03,115.90024
2030-02-04,118.58712
2030-02-05,115.543236
2030-02-06,118.98238
2030-02-07,118.764435
2030-02-08,115.668724
2030-02-09,121.20785
2030-02-10,118.95228
2030-02-11,119.13235
2030-02-12,115.25539
2030-02-13,109.867874
2030-02-14,104.60156
2030-02-15,106.99024
2030-02-16,107.086205
2030-02-17,101.49587
2030-02-18,103.309135
2030-02-19,105.56218
2030-02-20,101.17795
2030-02-21,100.341064
2030-02-22,93.50818
2030-02-23,88.170006
2030-02-24,93.916046
2030-02-25,94.23028
2030-02-26,93.21747
2030-02-27,93.64955
2030-02-28,95.0829
2030-03-01,94.99972
2030-03-02,96.518715
2030-03-03,96.65313
2030-03-04,97.27358
2030-03-05,94.66829
2030-03-06,93.507774
2030-03-07,94.90834
2030-03-08,97.1629
2030-03-09,93.37257
2030-03-10,93.64213
2030-03-11,92.27955
2030-03-12,95.07375
2030-03-13,88.74051
2030-03-14,87.368805
2030-03-15,94.026474
2030-03-16,91.44705
2030-03-17,94.62109
2030-03-18,90.90239
2030-03-19,91.86972
2030-03-20,88.42505
2030-03-21,87.077354
2030-03-22,91.282616
2030-03-23,98.15921
2030-03-24,96.601746
2030-03-25,98.14525
2030-03-26,99.26227
2030-03-27,98.7173
2030-03-28,101.05472
2030-03-29,106.96898
2030-03-30,110.4646
2030-03-31,117.12008
2030-04-01,119.14193
2030-04-02,115.68842
2030-04-03,118.5541
2030-04-04,119.93178
2030-04-05,118.4601
2030-04-06,108.331764
2030-04-07,106.98291
2030-04-08,106.2907
2030-04-09,112.23521
2030-04-10,112.61496
2030-04-11,110.55037
2030-04-12,103.68977
2030-04-13,102.763535
2030-04-14,106.128746
2030-04-15,108.25959
2030-04-16,109.895454
2030-04-17,111.15142
2030-04-18,108.15551
2030-04-19,106.069496
2030-04-20,106.84347
2030-04-21,103.59702
2030-04-22,100.599815
2030-04-23,101.729485
2030-04-24,101.5885
2030-04-25,97.19619
2030-04-26,91.41173
2030-04-27,87.45602
2030-04-28,90.23105
2030-04-29,97.23416
2030-04-30,91.19904
2030-05-01,92.97265
2030-05-02,98.545044
2030-05-03,97.74402
2030-05-04,92.19221
2030-05-05,94.17117
2030-05-06,90.66061
2030-05-07,91.99145
2030-05-08,93.14192
2030-05-09,98.19612
2030-05-10,95.32817
2030-05-11,103.70499
2030-05-12,104.657196
2030-05-13,101.22242
2030-05-14,102.39331
2030-05-15,98.553604
2030-05-16,101.6263
2030-05-17,104.687225
2030-05-18,98.56745
2030-05-19,102.295845
2030-05-20,94.12161
2030-05-21,91.70386
2030-05-22,85.16776
2030-05-23,81.086174
2030-05-24,75.73707
2030-05-25,79.69789
2030-05-26,77.15448
2030-05-27,76.820335
2030-05-28,78.3771
2030-05-29,75.37411
2030-05-30,75.639084
2030-05-31,80.38891
2030-06-01,84.88869
2030-06-02,90.67589
2030-06-03,92.69731
2030-06-04,88.23528
2030-06-05,88.02395
2030-06-06,86.607956
2030-06-07,85.53662
2030-06-08,81.05146
2030-06-09,84.83583
2030-06-10,87.69389
2030-06-11,84.06846
2030-06-12,89.01363
2030-06-13,91.78362
2030-06-14,88.16028
2030-06-15,91.43349
2030-06-16,96.34662
2030-06-17,100.703476
2030-06-18,96.01486
2030-06-19,96.143326
2030-06-20,94.235245
2030-06-21,97.142395
2030-06-22,94.93274
2030-06-23,97.13587
2030-06-24,93.283966
2030-06-25,92.09663
2030-06-26,90.07261
2030-06-27,89.95658
2030-06-28,91.730385
2030-06-29,89.01414
2030-06-30,89.14411
2030-07-01,83.941986
2030-07-02,83.92216
2030-07-03,84.339935
2030-07-04,84.968414
2030-07-05,85.30473
2030-07-06,86.589134
2030-07-07,77.64885
2030-07-08,78.0349
2030-07-09,77.69107
2030-07-10,81.0742
2030-07-11,85.756645
2030-07-12,85.55745
2030-07-13,88.80386
2030-07-14,87.072205
2030-07-15,88.66396
2030-07-16,93.214836
2030-07-17,89.37713
2030-07-18,92.36809
2030-07-19,94.52902
2030-07-20,91.29068
2030-07-21,90.83883
2030-07-22,89.05221
2030-07-23,92.47625
2030-07-24,91.03816
2030-07-25,86.79429
2030-07-26,86.56201
2030-07-27,86.74683
2030-07-28,82.24965
2030-07-29,87.8723
2030-07-30,84.63915
2030-07-31,79.80879
2030-08-01,81.42358
2030-08-02,78.68099
2030-08-03,79.76673
2030-08-04,79.584145
2030-08-05,79.82007
2030-08-06,76.47778
2030-08-07,75.61985
2030-08-08,77.6748
2030-08-09,79.720604
2030-08-10,78.45925
2030-08-11,81.96697
2030-08-12,83.1283
2030-08-13,80.29247
2030-08-14,78.29281
2030-08-15,75.73456
2030-08-16,76.44952
2030-08-17,79.26429
2030-08-18,76.50376
2030-08-19,78.693596
2030-08-20,84.817116
2030-08-21,88.63034
2030-08-22,92.715004
2030-08-23,91.187225
2030-08-24,95.759094
2030-08-25,94.571106
2030-08-26,89.22211
2030-08-27,89.82112
2030-08-28,89.517815
2030-08-29,85.30641
2030-08-30,81.26531
2030-08-31,84.66194
2030-09-01,80.86525
2030-09-02,83.74656
2030-09-03,81.81899
2030-09-04,86.86831
2030-09-05,89.75457
2030-09-06,91.69287
2030-09-07,87.71308
2030-09-08,91.21342
2030-09-09,92.071945
2030-09-10,88.09861
2030-09-11,87.89209
2030-09-12,87.08566
2030-09-13,82.82958
2030-09-14,79.85872
2030-09-15,83.33733
2030-09-16,80.814545
2030-09-17,82.89818
2030-09-18,79.18147
2030-09-19,80.97723
2030-09-20,80.07429
2030-09-21,85.806496
2030-09-22,91.091705
2030-09-23,93.923096
2030-09-24,92.63666
2030-09-25,95.29894
2030-09-26,97.49236
2030-09-27,93.326805
2030-09-28,94.03372
2030-09-29,91.80126
2030-09-30,90.18269
2030-10-01,90.43643
2030-10-02,88.824715
2030-10-03,81.52764
2030-10-04,80.65235
2030-10-05,81.28353
2030-10-06,88.35071
2030-10-07,91.3814
2030-10-08,93.80759
2030-10-09,94.694016
2030-10-10,95.02638
2030-10-11,93.155014
2030-10-12,79.627975
2030-10-13,78.53084
2030-10-14,75.81263
2030-10-15,74.86947
2030-10-16,74.881805
2030-10-17,78.873436
2030-10-18,80.9243
2030-10-19,78.93587
2030-10-20,74.74154
2030-10-21,81.77162
2030-10-22,83.53705
2030-10-23,85.38083
2030-10-24,89.351166
2030-10-25,84.383675
2030-10-26,84.691734
2030-10-27,85.73118
2030-10-28,91.12116
2030-10-29,92.418594
2030-10-30,91.72669
2030-10-31,89.751915
2030-11-01,85.35304
2030-11-02,84.81092
2030-11-03,86.56144
2030-11-04,81.02038
2030-11-05,79.903275
2030-11-06,83.03877
2030-11-07,85.17518
2030-11-08,79.78732
2030-11-09,84.48025
2030-11-10,80.42932
2030-11-11,79.27606
2030-11-12,77.952934
2030-11-13,77.80706
2030-11-14,73.88143
2030-11-15,73.24925
2030-11-16,73.09961
2030-11-17,73.99657
2030-11-18,74.427826
2030-11-19,76.017685
2030-11-20,78.49972
2030-11-21,79.53583
2030-11-22,76.10513
2030-11-23,77.72346
2030-11-24,75.63989
2030-11-25,79.710976
2030-11-26,77.92373
2030-11-27,74.41425
2030-11-28,76.84916
2030-11-29,77.774
2030-11-30,77.417534
2030-12-01,80.26784
2030-12-02,77.447815
2030-12-03,76.90432
2030-12-04,78.748405
2030-12-05,81.82367
2030-12-06,84.14212
2030-12-07,81.50235
2030-12-08,83.29151
2030-12-09,88.37211
2030-12-10,97.432045
2030-12-11,94.537766
2030-12-12,92.18293
2030-12-13,89.24196
2030-12-14,83.92748
2030-12-15,82.0605
2030-12-16,84.56368
2030-12-17,83.52465
2030-12-18,81.52164
2030-12-19,84.256966
2030-12-20,82.267044
2030-12-21,81.040054
2030-12-22,82.57442
2030-12-23,82.34296
2030-12-24,84.52973
2030-12-25,83.451805
2030-12-26,81.42395
2030-12-27,76.963806
2030-12-28,72.80921
2030-12-29,75.87798
2030-12-30,76.5065
2030-12-31,75.225174
2031-01-01,74.17358
2031-01-02,75.87419
2031-01-03,75.705086
2031-01-04,75.53248
2031-01-05,75.03113
2031-01-06,71.88307
2031-01-07,73.492325
2031-01-08,71.41059
2031-01-09,70.368065
2031-01-10,71.22203
2031-01-11,72.50313
2031-01-12,68.286316
2031-01-13,70.633766
2031-01-14,71.75035
2031-01-15,73.161896
2031-01-16,72.10543
2031-01-17,72.400635
2031-01-18,72.3089
2031-01-19,68.33113
2031-01-20,70.35269
2031-01-21,66.85062
2031-01-22,61.49989
2031-01-23,58.821785
2031-01-24,58.967655
2031-01-25,58.78696
2031-01-26,62.59264
2031-01-27,64.59462
2031-01-28,64.273926
2031-01-29,63.215687
2031-01-30,59.62528
2031-01-31,62.543324
2031-02-01,63.050804
2031-02-02,62.334045
2031-02-03,62.53165
2031-02-04,63.04252
2031-02-05,63.197327
2031-02-06,63.912697
2031-02-07,62.33156
2031-02-08,63.573093
2031-02-09,62.424644
2031-02-10,64.2881
2031-02-11,65.43938
2031-02-12,62.08522
2031-02-13,65.372025
2031-02-14,69.58698
2031-02-15,71.93801
2031-02-16,71.21606
2031-02-17,68.60227
2031-02-18,60.640068
2031-02-19,60.003944
2031-02-20,54.55967
2031-02-21,49.884197
2031-02-22,50.27273
2031-02-23,50.139458
2031-02-24,50.22782
2031-02-25,49.30686
2031-02-26,49.56494
2031-02-27,49.532185
2031-02-28,49.357906
2031-03-01,48.1726
2031-03-02,48.95146
2031-03-03,45.98686
2031-03-04,46.051323
2031-03-05,46.387386
2031-03-06,46.13976
2031-03-07,47.96572
2031-03-08,46.35585
2031-03-09,48.622147
2031-03-10,50.986797
2031-03-11,52.14743
2031-03-12,51.674103
2031-03-13,49.338997
2031-03-14,50.836086
2031-03-15,50.570805
2031-03-16,51.35442
2031-03-17,49.68494
2031-03-18,46.783546
2031-03-19,47.06384
2031-03-20,46.080296
2031-03-21,44.234985
2031-03-22,44.991665
2031-03-23,47.58182
2031-03-24,47.2797
2031-03-25,44.63382
2031-03-26,43.76347
2031-03-27,44.2825
2031-03-28,44.62384
2031-03-29,45.704334
2031-03-30,47.500477
2031-03-31,48.754257
2031-04-01,46.524765
2031-04-02,46.232883
2031-04-03,49.169857
2031-04-04,47.3072
2031-04-05,44.958454
2031-04-06,42.869503
2031-04-07,43.947292
2031-04-08,44.873543
2031-04-09,46.87808
2031-04-10,47.532986
2031-04-11,46.729805
2031-04-12,46.34268
2031-04-13,46.73755
2031-04-14,48.409416
2031-04-15,47.7436
2031-04-16,46.947495
2031-04-17,47.35999
2031-04-18,47.45814
2031-04-19,46.1283
2031-04-20,47.326252
2031-04-21,46.017582
2031-04-22,49.036633
2031-04-23,51.40226
2031-04-24,51.369793
2031-04-25,50.217636
2031-04-26,50.547256
2031-04-27,51.460632
2031-04-28,51.6447
2031-04-29,48.66927
2031-04-30,45.96338
2031-05-01,43.892666
2031-05-02,49.001404
2031-05-03,48.1347
2031-05-04,48.342327
2031-05-05,51.243687
2031-05-06,50.72069
2031-05-07,51.370102
2031-05-08,49.663906
2031-05-09,48.528152
2031-05-10,47.949223
2031-05-11,47.002655
2031-05-12,48.968998
2031-05-13,46.241875
2031-05-14,43.445095
2031-05-15,41.39326
2031-05-16,39.412457
2031-05-17,40.643436
2031-05-18,41.5701
2031-05-19,37.891636
2031-05-20,38.17394
2031-05-21,37.83229
2031-05-22,39.96575
2031-05-23,42.005577
2031-05-24,42.67115
2031-05-25,40.529568
2031-05-26,41.80246
2031-05-27,40.65301
2031-05-28,38.201736
2031-05-29,37.189503
2031-05-30,36.696987
2031-05-31,37.192303
2031-06-01,36.478992
2031-06-02,36.99366
2031-06-03,37.196213
2031-06-04,38.818787
2031-06-05,38.02315
2031-06-06,38.152233
2031-06-07,35.82088
2031-06-08,35.48154
2031-06-09,36.62481
2031-06-10,34.57349
2031-06-11,34.27365
2031-06-12,35.52028
2031-06-13,35.847267
2031-06-14,36.779465
2031-06-15,36.345833
2031-06-16,33.827003
2031-06-17,33.60635
2031-06-18,32.80319
2031-06-19,31.97864
2031-06-20,31.999357
2031-06-21,29.417206
2031-06-22,29.090122
2031-06-23,28.841148
2031-06-24,29.05668
2031-06-25,30.373732
2031-06-26,30.293238
2031-06-27,27.6283
2031-06-28,28.135418
2031-06-29,26.409443
2031-06-30,26.588959
2031-07-01,27.77703
2031-07-02,29.798603
2031-07-03,29.616217
2031-07-04,31.469519
2031-07-05,32.197266
2031-07-06,31.975275
2031-07-07,33.692017
2031-07-08,33.623947
2031-07-09,31.740763
2031-07-10,32.131496
2031-07-11,31.663626
2031-07-12,31.855135
2031-07-13,30.561707
2031-07-14,31.16962
2031-07-15,30.311584
2031-07-16,30.549654
2031-07-17,31.46912
2031-07-18,31.280493
2031-07-19,30.109911
2031-07-20,30.983027
2031-07-21,32.42463
2031-07-22,33.287678
2031-07-23,31.133604
2031-07-24,34.018562
2031-07-25,35.30515
2031-07-26,36.28574
2031-07-27,35.965427
2031-07-28,35.688385
2031-07-29,35.815727
2031-07-30,31.9932
2031-07-31,34.083885
2031-08-01,35.372124
2031-08-02,34.741604
2031-08-03,34.68878
2031-08-04,34.76496
2031-08-05,37.402695
2031-08-06,40.23419
2031-08-07,41.669125
2031-08-08,41.83751
2031-08-09,42.602425
2031-08-10,43.021854
2031-08-11,41.977455
2031-08-12,40.965313
2031-08-13,42.309784
2031-08-14,44.29961
2031-08-15,44.958282
2031-08-16,42.770985
2031-08-17,42.47511
2031-08-18,42.683563
2031-08-19,44.185146
2031-08-20,45.934216
2031-08-21,47.408257
2031-08-22,46.07662
2031-08-23,44.45454
2031-08-24,43.362118
2031-08-25,42.037178
2031-08-26,43.216976
2031-08-27,43.55049
2031-08-28,43.184135
2031-08-29,42.548153
2031-08-30,42.948635
2031-08-31,42.013336
2031-09-01,41.840813
2031-09-02,41.102325
2031-09-03,40.305115
2031-09-04,42.479603
2031-09-05,40.14164
2031-09-06,40.239746
2031-09-07,39.42724
2031-09-08,39.243675
2031-09-09,39.90026
2031-09-10,39.60322
2031-09-11,39.75437
2031-09-12,42.863293
2031-09-13,41.951435
2031-09-14,41.412666
2031-09-15,41.004177
2031-09-16,39.716686
2031-09-17,38.549984
2031-09-18,35.94301
2031-09-19,35.89404
2031-09-20,38.07385
2031-09-21,36.304897
2031-09-22,36.992065
2031-09-23,35.77383
2031-09-24,33.52051
2031-09-25,34.774883
2031-09-26,35.723446
2031-09-27,36.491085
2031-09-28,36.21452
2031-09-29,33.062897
2031-09-30,31.977335
2031-10-01,31.728348
2031-10-02,29.662863
2031-10-03,28.124702
2031-10-04,27.224707
2031-10-05,25.99052
2031-10-06,24.742231
2031-10-07,26.504301
2031-10-08,27.533173
2031-10-09,25.698748
2031-10-10,24.649317
2031-10-11,24.9181
2031-10-12,26.052492
2031-10-13,26.30779
2031-10-14,24.836718
2031-10-15,25.400478
2031-10-16,26.473448
2031-10-17,26.67652
2031-10-18,27.522486
2031-10-19,28.069317
2031-10-20,26.668867
2031-10-21,25.229277
2031-10-22,26.91313
2031-10-23,26.330727
2031-10-24,24.931154
2031-10-25,24.868828
2031-10-26,24.140636
2031-10-27,23.432209
2031-10-28,24.373339
2031-10-29,25.70848
2031-10-30,25.096928
2031-10-31,25.684927
2031-11-01,25.105745
2031-11-02,26.736351
2031-11-03,28.004696
2031-11-04,27.474026
2031-11-05,27.0936
2031-11-06,28.601147
2031-11-07,28.974142
2031-11-08,28.940863
2031-11-09,26.600817
2031-11-10,27.161718
2031-11-11,27.137367
2031-11-12,28.130224
2031-11-13,27.21264
2031-11-14,27.162367
2031-11-15,27.137817
2031-11-16,28.224287
2031-11-17,28.019554
2031-11-18,28.497892
2031-11-19,27.491888
2031-11-20,27.22954
2031-11-21,27.07757
2031-11-22,26.047043
2031-11-23,27.52045
2031-11-24,25.521235
2031-11-25,24.605444
2031-11-26,25.0164
2031-11-27,26.802277
2031-11-28,25.990421
2031-11-29,23.565968
2031-11-30,24.455097
2031-12-01,25.602936
2031-12-02,27.368923
2031-12-03,27.438057
2031-12-04,28.937752
2031-12-05,28.262804
2031-12-06,28.17228
2031-12-07,27.779285
2031-12-08,27.496765
2031-12-09,26.468565
2031-12-10,27.083313
2031-12-11,28.04732
2031-12-12,30.20611
2031-12-13,27.75695
2031-12-14,29.152239
2031-12-15,29.01286
2031-12-16,28.007507
2031-12-17,27.921902
2031-12-18,28.451727
2031-12-19,28.109804
2031-12-20,26.277002
2031-12-21,25.617537
2031-12-22,25.590923
2031-12-23,25.609346
2031-12-24,26.9341
2031-12-25,26.030806
2031-12-26,27.985474
2031-12-27,27.857079
2031-12-28,28.005592
2031-12-29,27.239784
2031-12-30,28.781046
2031-12-31,31.663673
2032-01-01,33.641052
2032-01-02,34.04267
2032-01-03,33.75351
2032-01-04,36.019142
2032-01-05,36.247566
2032-01-06,35.86156
2032-01-07,34.323463
2032-01-08,33.74461
2032-01-09,34.568974
2032-01-10,34.127827
2032-01-11,34.995953
2032-01-12,36.77777
2032-01-13,33.409035
2032-01-14,31.169407
2032-01-15,30.664637
2032-01-16,29.344788
2032-01-17,30.350817
2032-01-18,31.309902
2032-01-19,29.446623
2032-01-20,29.214582
2032-01-21,28.142056
2032-01-22,27.826126
2032-01-23,28.303513
2032-01-24,26.982859
2032-01-25,26.84595
2032-01-26,26.309368
2032-01-27,27.061562
2032-01-28,26.85807
2032-01-29,27.175062
2032-01-30,25.963606
2032-01-31,27.251053
2032-02-01,26.151945
2032-02-02,26.336779
2032-02-03,25.946915
2032-02-04,25.282022
2032-02-05,25.284344
2032-02-06,25.600615
2032-02-07,24.435846
2032-02-08,22.913836
2032-02-09,22.26403
2032-02-10,22.68197
2032-02-11,22.288513
2032-02-12,21.501835
2032-02-13,19.85244
2032-02-14,19.504847
2032-02-15,19.830618
2032-02-16,18.97693
2032-02-17,18.993341
2032-02-18,18.348373
2032-02-19,18.70551
2032-02-20,18.906536
2032-02-21,18.687931
2032-02-22,18.451591
2032-02-23,18.944592
2032-02-24,18.555576
2032-02-25,18.569252
2032-02-26,19.606218
2032-02-27,19.69974
2032-02-28,19.58908
2032-02-29,19.619343
2032-03-01,20.043077
2032-03-02,21.778845
2032-03-03,20.111355
2032-03-04,19.522238
2032-03-05,19.696232
2032-03-06,19.366709
2032-03-07,19.936127
2032-03-08,20.254444
2032-03-09,21.042702
2032-03-10,21.419956
2032-03-11,22.71696
2032-03-12,23.274794
2032-03-13,22.916471
2032-03-14,23.569736
2032-03-15,24.212463
2032-03-16,23.070763
2032-03-17,23.213083
2032-03-18,23.524975
2032-03-19,23.514132
2032-03-20,21.638163
2032-03-21,22.279642
2032-03-22,22.222565
2032-03-23,22.494282
2032-03-24,23.067846
2032-03-25,24.532854
2032-03-26,23.93459
2032-03-27,25.495827
2032-03-28,26.069233
2032-03-29,24.842096
2032-03-30,24.834415
2032-03-31,24.837812
2032-04-01,24.791826
2032-04-02,24.61961
2032-04-03,25.652643
2032-04-04,25.12087
2032-04-05,24.11794
2032-04-06,25.052088
2032-04-07,24.08741
2032-04-08,23.132107
2032-04-09,21.65502
2032-04-10,21.671513
2032-04-11,22.076029
2032-04-12,21.549349
2032-04-13,21.374449
2032-04-14,21.074106
2032-04-15,20.702686
2032-04-16,20.058502
2032-04-17,20.05706
2032-04-18,19.641357
2032-04-19,20.248705
2032-04-20,21.110739
2032-04-21,20.829128
2032-04-22,21.575338
2032-04-23,22.249882
2032-04-24,21.485167
2032-04-25,20.624308
2032-04-26,19.77025
2032-04-27,20.169714
2032-04-28,19.812292
2032-04-29,19.27621
2032-04-30,18.307333
2032-05-01,17.753563
2032-05-02,16.886183
2032-05-03,18.101656
2032-05-04,17.313904
2032-05-05,16.437601
2032-05-06,16.86453
2032-05-07,17.0874
2032-05-08,17.070042
2032-05-09,17.288885
2032-05-10,16.417334
2032-05-11,16.955965
2032-05-12,17.637127
2032-05-13,18.44673
2032-05-14,18.60934
2032-05-15,19.547817
2032-05-16,19.51161
2032-05-17,19.506197
2032-05-18,18.719494
2032-05-19,18.601301
2032-05-20,18.482376
2032-05-21,18.828978
2032-05-22,19.761324
2032-05-23,20.548832
2032-05-24,22.320677
2032-05-25,22.185057
2032-05-26,20.553236
2032-05-27,21.828348
2032-05-28,22.807919
2032-05-29,23.879827
2032-05-30,23.385124
2032-05-31,22.383512
2032-06-01,22.978254
2032-06-02,22.283825
2032-06-03,21.898354
2032-06-04,20.672447
2032-06-05,21.080698
2032-06-06,20.436787
2032-06-07,22.142973
2032-06-08,22.002981
2032-06-09,21.946049
2032-06-10,22.53665
2032-06-11,22.855337
2032-06-12,23.210598
2032-06-13,23.956923
2032-06-14,23.851723
2032-06-15,23.382488
2032-06-16,22.734995
2032-06-17,21.047852
2032-06-18,19.90379
2032-06-19,18.61017
2032-06-20,18.388788
2032-06-21,17.291931
2032-06-22,16.2492
2032-06-23,17.416777
2032-06-24,17.80223
2032-06-25,16.67366
2032-06-26,15.841298
2032-06-27,15.724611
2032-06-28,15.5755825
2032-06-29,15.328355
2032-06-30,14.503119
2032-07-01,15.084904
2032-07-02,15.348992
2032-07-03,15.664445
2032-07-04,17.426207
2032-07-05,17.627174
2032-07-06,17.654482
2032-07-07,18.710472
2032-07-08,19.285097
2032-07-09,18.347826
2032-07-10,18.202766
2032-07-11,17.81657
2032-07-12,18.636494
2032-07-13,18.48014
2032-07-14,18.009743
2032-07-15,17.824245
2032-07-16,18.679247
2032-07-17,17.384125
2032-07-18,17.552944
2032-07-19,16.987448
2032-07-20,17.114414
2032-07-21,17.52993
2032-07-22,17.382685
2032-07-23,16.932909
2032-07-24,16.484674
2032-07-25,17.51462
2032-07-26,17.478437
2032-07-27,18.352015
2032-07-28,19.599005
2032-07-29,19.543339
2032-07-30,19.806093
2032-07-31,20.746775
2032-08-01,20.333961
2032-08-02,21.043089
2032-08-03,20.735798
2032-08-04,22.42496
2032-08-05,22.206219
2032-08-06,21.768974
2032-08-07,20.92206
2032-08-08,20.23351
2032-08-09,20.105967
2032-08-10,20.584496
2032-08-11,20.995346
2032-08-12,21.025864
2032-08-13,22.170824
2032-08-14,23.773027
2032-08-15,23.683847
2032-08-16,22.860086
2032-08-17,20.45862
2032-08-18,19.827555
2032-08-19,19.41072
2032-08-20,19.69666
2032-08-21,19.467377
2032-08-22,19.809431
2032-08-23,20.395533
2032-08-24,20.844166
2032-08-25,20.645191
2032-08-26,21.350163
2032-08-27,20.915926
2032-08-28,20.898947
2032-08-29,19.987326
2032-08-30,20.729681
2032-08-31,21.896782
2032-09-01,20.956333
2032-09-02,20.845818
2032-09-03,20.169561
2032-09-04,19.78041
2032-09-05,18.829697
2032-09-06,19.74831
2032-09-07,18.697184
2032-09-08,17.691154
2032-09-09,17.230345
2032-09-10,17.897606
2032-09-11,17.60624
2032-09-12,17.563414
2032-09-13,17.685272
2032-09-14,18.604301
2032-09-15,18.442493
2032-09-16,19.068367
2032-09-17,18.467506
2032-09-18,18.54095
2032-09-19,17.632462
2032-09-20,17.768337
2032-09-21,17.520344
2032-09-22,17.935093
2032-09-23,18.557005
2032-09-24,19.743847
2032-09-25,20.835564
2032-09-26,20.688292
2032-09-27,21.54018
2032-09-28,21.926193
2032-09-29,21.095716
2032-09-30,21.157612
2032-10-01,20.811295
2032-10-02,20.44407
2032-10-03,21.428034
2032-10-04,20.96073
2032-10-05,19.959877
2032-10-06,20.575867
2032-10-07,20.474068
2032-10-08,19.686745
2032-10-09,20.222773
2032-10-10,19.38425
2032-10-11,19.103058
2032-10-12,20.182854
2032-10-13,20.16105
2032-10-14,20.375425
2032-10-15,19.9318
2032-10-16,20.314861
2032-10-17,20.371805
2032-10-18,21.194515
2032-10-19,22.338215
2032-10-20,20.851864
2032-10-21,20.955515
2032-10-22,19.852472
2032-10-23,20.505507
2032-10-24,19.924519
2032-10-25,20.395258
2032-10-26,21.27581
2032-10-27,20.527302
2032-10-28,20.461035
2032-10-29,20.229046
2032-10-30,20.637596
2032-10-31,22.538206
2032-11-01,22.220388
2032-11-02,21.564728
2032-11-03,21.80911
2032-11-04,21.292542
2032-11-05,22.52222
2032-11-06,22.719145
2032-11-07,23.997892
2032-11-08,24.16604
2032-11-09,25.165894
2032-11-10,26.670643
2032-11-11,27.678804
2032-11-12,28.899624
2032-11-13,28.726202
2032-11-14,27.533024
2032-11-15,28.79868
2032-11-16,28.869635
2032-11-17,29.99313
2032-11-18,31.396305
2032-11-19,30.755335
2032-11-20,33.354443
2032-11-21,32.63164
2032-11-22,33.900055
2032-11-23,34.33949
2032-11-24,35.5728
2032-11-25,33.55382
2032-11-26,36.370464
2032-11-27,35.231297
2032-11-28,35.969402
2032-11-29,36.135098
2032-11-30,33.73856
2032-12-01,34.716343
2032-12-02,34.91235
2032-12-03,36.244663
2032-12-04,36.521492
2032-12-05,36.525772
2032-12-06,33.66753
2032-12-07,33.42615
2032-12-08,33.327938
2032-12-09,32.78873
2032-12-10,33.91986
2032-12-11,31.630104
2032-12-12,31.730303
2032-12-13,32.273026
2032-12-14,31.487482
2032-12-15,31.670904
2032-12-16,31.29217
2032-12-17,32.37925
2032-12-18,33.310955
2032-12-19,35.488438
2032-12-20,34.746094
2032-12-21,35.510525
2032-12-22,35.74404
2032-12-23,37.305515
2032-12-24,36.766537
2032-12-25,37.250053
2032-12-26,40.424477
2032-12-27,40.20758
2032-12-28,39.404926
2032-12-29,40.479935
2032-12-30,42.952526
2032-12-31,43.013645
2033-01-01,42.62464
2033-01-02,41.288475
2033-01-03,41.592022
2033-01-04,41.498886
2033-01-05,39.060562
2033-01-06,39.945377
2033-01-07,40.84091
2033-01-08,39.21022
2033-01-09,39.62355
2033-01-10,36.664463
2033-01-11,37.694798
2033-01-12,36.83883
2033-01-13,37.334312
2033-01-14,38.035713
2033-01-15,33.900974
2033-01-16,33.626965
2033-01-17,36.058495
2033-01-18,34.79265
2033-01-19,35.470375
2033-01-20,36.86704
2033-01-21,35.372925
2033-01-22,36.436
2033-01-23,36.244587
2033-01-24,35.084625
2033-01-25,34.824368
2033-01-26,35.502396
2033-01-27,34.986942
2033-01-28,35.062458
2033-01-29,36.168884
2033-01-30,39.895412
2033-01-31,40.647354
2033-02-01,39.9049
2033-02-02,36.421036
2033-02-03,38.021633
2033-02-04,38.91428
2033-02-05,39.27711
2033-02-06,39.22727
2033-02-07,39.333115
2033-02-08,39.196762
2033-02-09,38.01493
2033-02-10,37.691814
2033-02-11,37.139023
2033-02-12,36.745426
2033-02-13,37.560062
2033-02-14,36.422558
2033-02-15,37.897106
2033-02-16,36.535458
2033-02-17,39.24991
2033-02-18,40.45514
2033-02-19,39.96322
2033-02-20,40.443714
2033-02-21,38.847572
2033-02-22,41.722607
2033-02-23,43.15927
2033-02-24,43.166943
2033-02-25,43.7807
2033-02-26,45.17381
2033-02-27,43.631756
2033-02-28,41.962116
2033-03-01,40.753582
2033-03-02,39.879734
2033-03-03,37.928547
2033-03-04,39.4754
2033-03-05,40.44516
2033-03-06,42.983395
2033-03-07,41.771618
2033-03-08,42.58505
2033-03-09,42.549286
2033-03-10,44.2055
2033-03-11,42.23451
2033-03-12,42.468662
2033-03-13,42.76208
2033-03-14,42.298885
2033-03-15,43.52686
2033-03-16,46.68686
2033-03-17,46.218437
2033-03-18,47.318054
2033-03-19,48.8758
2033-03-20,51.06362
2033-03-21,51.579113
2033-03-22,50.47459
2033-03-23,48.975037
2033-03-24,49.42308
2033-03-25,50.025898
2033-03-26,48.20205
2033-03-27,45.806713
2033-03-28,43.31003
2033-03-29,42.78129
2033-03-30,42.879044
2033-03-31,43.183002
2033-04-01,44.894936
2033-04-02,45.59831
2033-04-03,46.062202
2033-04-04,44.748802
2033-04-05,44.22517
2033-04-06,42.84519
2033-04-07,45.771835
2033-04-08,46.928493
2033-04-09,45.258865
2033-04-10,44.359776
2033-04-11,46.869766
2033-04-12,47.278732
2033-04-13,45.032944
2033-04-14,47.263405
2033-04-15,45.458874
2033-04-16,42.436283
2033-04-17,40.242527
2033-04-18,40.091827
2033-04-19,37.97755
2033-04-20,38.06984
2033-04-21,37.202858
2033-04-22,38.5743
2033-04-23,38.913414
2033-04-24,40.036617
2033-04-25,38.002434
2033-04-26,37.97821
2033-04-27,38.295063
2033-04-28,37.89866
2033-04-29,36.470993
2033-04-30,35.64378
2033-05-01,35.525536
2033-05-02,35.86616
2033-05-03,35.1431
2033-05-04,35.487892
2033-05-05,35.76689
2033-05-06,34.927834
2033-05-07,37.15258
2033-05-08,37.395832
2033-05-09,37.674118
2033-05-10,38.13911
2033-05-11,36.653282
2033-05-12,36.835453
2033-05-13,34.756954
2033-05-14,35.011475
2033-05-15,35.138813
2033-05-16,36.560574
2033-05-17,36.99351
2033-05-18,37.83515
2033-05-19,36.270172
2033-05-20,37.32934
2033-05-21,38.239815
2033-05-22,39.87676
2033-05-23,41.393364
2033-05-24,42.34122
2033-05-25,42.00556
2033-05-26,41.90028
2033-05-27,42.495323
2033-05-28,42.59659
2033-05-29,42.12173
2033-05-30,38.853165
2033-05-31,37.873653
2033-06-01,38.19095
2033-06-02,37.987076
2033-06-03,37.222168
2033-06-04,37.591938
2033-06-05,38.33687
2033-06-06,40.40016
2033-06-07,41.468002
2033-06-08,43.115658
2033-06-09,42.384777
2033-06-10,39.43914
2033-06-11,40.358776
2033-06-12,41.109978
2033-06-13,42.021797
2033-06-14,43.654907
2033-06-15,44.122654
2033-06-16,41.957146
2033-06-17,43.483955
2033-06-18,42.208252
2033-06-19,41.616955
2033-06-20,40.732994
2033-06-21,39.077316
2033-06-22,39.669975
2033-06-23,40.183178
2033-06-24,39.163116
2033-06-25,37.910755
2033-06-26,38.87583
2033-06-27,36.18119
2033-06-28,35.870712
2033-06-29,34.73763
2033-06-30,34.90914
2033-07-01,32.95922
2033-07-02,33.579033
2033-07-03,32.30401
2033-07-04,32.81327
2033-07-05,34.71725
2033-07-06,36.557846
2033-07-07,36.724003
2033-07-08,38.29066
2033-07-09,37.13691
2033-07-10,37.75483
2033-07-11,38.003746
2033-07-12,36.66759
2033-07-13,38.131283
2033-07-14,37.768017
2033-07-15,37.824852
2033-07-16,36.674335
2033-07-17,37.273754
2033-07-18,38.377693
2033-07-19,40.074604
2033-07-20,41.135727
2033-07-21,41.07625
2033-07-22,42.898003
2033-07-23,43.914978
2033-07-24,41.4211
2033-07-25,40.913597
2033-07-26,40.69815
2033-07-27,40.59339
2033-07-28,40.25241
2033-07-29,42.167698
2033-07-30,41.32019
2033-07-31,39.62082
2033-08-01,39.562035
2033-08-02,42.9187
2033-08-03,43.968353
2033-08-04,43.579697
2033-08-05,44.07647
2033-08-06,43.918198
2033-08-07,43.613613
2033-08-08,41.18659
2033-08-09,41.33544
2033-08-10,41.22043
2033-08-11,41.921688
2033-08-12,41.741066
2033-08-13,40.558044
2033-08-14,39.99259
2033-08-15,39.30026
2033-08-16,39.383137
2033-08-17,38.64159
2033-08-18,40.642254
2033-08-19,40.560654
2033-08-20,41.951004
2033-08-21,41.441498
2033-08-22,41.49351
2033-08-23,41.006466
2033-08-24,40.871044
2033-08-25,41.73714
2033-08-26,41.686195
2033-08-27,41.706474
2033-08-28,39.090527
2033-08-29,40.504894
2033-08-30,39.62824
2033-08-31,40.692936
2033-09-01,41.339027
2033-09-02,42.468044
2033-09-03,38.85607
2033-09-04,39.368565
2033-09-05,38.346832
2033-09-06,39.697956
2033-09-07,42.284065
2033-09-08,41.283173
2033-09-09,41.501194
2033-09-10,41.471283
2033-09-11,41.3963
2033-09-12,41.667297
2033-09-13,42.22089
2033-09-14,42.34766
2033-09-15,40.255535
2033-09-16,41.45235
2033-09-17,44.07245
2033-09-18,47.124138
2033-09-19,47.72274
2033-09-20,50.11756
2033-09-21,53.424625
2033-09-22,56.015194
2033-09-23,53.85373
2033-09-24,52.20937
2033-09-25,54.57947
2033-09-26,54.574528
2033-09-27,54.94559
2033-09-28,57.933628
2033-09-29,55.5309
2033-09-30,52.768055
2033-10-01,50.720272
2033-10-02,52.538822
2033-10-03,50.851616
2033-10-04,51.411545
2033-10-05,49.07048
2033-10-06,52.284702
2033-10-07,52.808933
2033-10-08,51.669865
2033-10-09,48.88637
2033-10-10,47.094326
2033-10-11,48.174374
2033-10-12,47.06476
2033-10-13,44.480816
2033-10-14,44.76592
2033-10-15,44.631878
2033-10-16,44.472668
2033-10-17,44.437584
2033-10-18,42.348866
2033-10-19,42.737743
2033-10-20,42.208344
2033-10-21,43.7494
2033-10-22,40.81048
2033-10-23,41.99507
2033-10-24,40.605213
2033-10-25,41.06245
2033-10-26,41.114693
2033-10-27,39.47813
2033-10-28,40.49588
2033-10-29,40.891476
2033-10-30,41.369484
2033-10-31,38.537735
2033-11-01,41.288757
2033-11-02,42.61315
2033-11-03,41.87653
2033-11-04,41.099392
2033-11-05,38.61464
2033-11-06,37.94441
2033-11-07,38.60418
2033-11-08,37.67341
2033-11-09,38.128506
2033-11-10,40.392796
2033-11-11,40.02357
2033-11-12,40.67294
2033-11-13,41.124374
2033-11-14,39.70892
2033-11-15,38.921394
2033-11-16,38.758495
2033-11-17,36.681377
2033-11-18,37.21288
2033-11-19,38.636143
2033-11-20,38.87613
2033-11-21,40.27466
2033-11-22,39.619556
2033-11-23,39.91806
2033-11-24,43.21404
2033-11-25,42.810986
2033-11-26,41.55973
2033-11-27,41.357742
2033-11-28,42.550495
2033-11-29,40.987972
2033-11-30,39.759243
2033-12-01,39.462887
2033-12-02,40.058334
2033-12-03,40.33289
2033-12-04,42.84474
2033-12-05,44.45512
2033-12-06,43.7244
2033-12-07,44.460365
2033-12-08,45.055058
2033-12-09,44.61155
2033-12-10,46.958534
2033-12-11,49.02865
2033-12-12,48.32961
2033-12-13,47.98932
2033-12-14,51.682266
2033-12-15,55.405354
2033-12-16,53.220097
2033-12-17,53.423923
2033-12-18,53.719986
2033-12-19,54.504604
2033-12-20,52.93049
2033-12-21,53.8737
2033-12-22,51.240032
2033-12-23,50.67152
2033-12-24,48.347122
2033-12-25,43.70439
2033-12-26,43.878506
2033-12-27,44.63917
2033-12-28,45.02229
2033-12-29,44.487225
2033-12-30,44.60033
2033-12-31,42.75961
2034-01-01,41.439594
2034-01-02,40.32036
2034-01-03,40.080612
2034-01-04,41.23552
2034-01-05,40.497845
2034-01-06,40.997997
2034-01-07,42.161724
2034-01-08,42.609676
2034-01-09,41.58961
2034-01-10,41.38926
2034-01-11,38.378784
2034-01-12,38.020584
2034-01-13,38.007423
2034-01-14,38.295765
2034-01-15,39.347256
2034-01-16,39.12591
2034-01-17,40.773888
2034-01-18,43.38123
2034-01-19,42.850037
2034-01-20,42.473705
2034-01-21,43.437252
2034-01-22,44.461227
2034-01-23,45.44621
2034-01-24,43.866505
2034-01-25,46.393818
2034-01-26,48.189636
2034-01-27,50.3486
2034-01-28,51.054237
2034-01-29,53.993538
2034-01-30,54.42959
2034-01-31,54.029858
2034-02-01,53.30067
2034-02-02,52.858738
2034-02-03,54.14388
2034-02-04,54.955242
2034-02-05,57.618786
2034-02-06,60.422474
2034-02-07,63.658855
2034-02-08,65.30525
2034-02-09,65.49658
2034-02-10,65.84119
2034-02-11,63.873867
2034-02-12,59.712696
2034-02-13,63.44887
2034-02-14,64.87523
2034-02-15,65.444534
2034-02-16,62.982494
